1;1
2;2
3;3
4;4
5;5
6;6
7;7
8;8
9;9
10;10
10;11
13;12
14;13
14;14
14;15
16;16
18;17
18;18
21;19
21;20
22;21
22;22
22;23
23;24
21;25
28;26
29;27
28;28
30;29
28;30
35;31
33;32
34;33
32;34
38;35
35;36
37;37
41;38
41;39
42;40
45;41
45;42
42;43
44;44
45;45
42;46
48;47
48;48
49;49
54;50
48;51
51;52
52;53
55;54
52;55
60;56
62;57
62;58
59;59
57;60
62;61
68;62
65;63
60;64
72;65
75;66
77;67
67;68
67;69
65;70
74;71
72;72
67;73
68;74
79;75
79;76
79;77
72;78
85;79
85;80
83;81
77;82
79;83
85;84
91;85
95;86
91;87
87;88
89;89
91;90
87;91
104;92
89;93
87;94
101;95
97;96
89;97
113;98
115;99
110;100
120;101
118;102
113;103
93;104
108;105
106;106
115;107
97;108
120;109
108;110
137;111
110;112
113;113
120;114
120;115
110;116
101;117
137;118
118;119
134;120
134;121
115;122
118;123
110;124
123;125
137;126
131;127
131;128
115;129
131;130
126;131
131;132
137;133
146;134
140;135
131;136
146;137
159;138
149;139
155;140
137;141
152;142
140;143
149;144
159;145
137;146
126;147
143;148
140;149
140;150
159;151
152;152
174;153
159;154
159;155
149;156
140;157
159;158
174;159
134;160
166;161
159;162
162;163
159;164
166;165
152;166
162;167
177;168
140;169
137;170
159;171
170;172
162;173
174;174
190;175
190;176
195;177
214;178
195;179
182;180
166;181
199;182
186;183
162;184
159;185
195;186
162;187
182;188
204;189
220;190
190;191
174;192
199;193
177;194
182;195
182;196
209;197
177;198
190;199
174;200
225;201
182;202
225;203
190;204
209;205
214;206
204;207
225;208
238;209
195;210
220;211
238;212
209;213
244;214
220;215
258;216
244;217
225;218
251;219
231;220
251;221
195;222
225;223
244;224
238;225
258;226
238;227
251;228
231;229
214;230
225;231
258;232
214;233
251;234
214;235
251;236
220;237
214;238
231;239
204;240
293;241
266;242
220;243
231;244
238;245
283;246
266;247
274;248
238;249
283;250
238;251
266;252
266;253
231;254
251;255
293;256
238;257
251;258
274;259
340;260
266;261
244;262
244;263
266;264
266;265
225;266
326;267
326;268
266;269
266;270
303;271
293;272
258;273
303;274
258;275
283;276
283;277
303;278
274;279
340;280
274;281
303;282
293;283
238;284
303;285
314;286
314;287
293;288
326;289
314;290
283;291
293;292
283;293
326;294
283;295
274;296
322;297
274;298
274;299
329;300
340;301
293;302
336;303
266;304
375;305
352;306
293;307
251;308
283;309
314;310
321;311
326;312
343;313
303;314
303;315
325;316
293;317
326;318
362;319
293;320
341;321
331;322
283;323
335;324
321;325
322;326
342;327
326;328
325;329
355;330
345;331
349;332
366;333
328;334
342;335
372;336
346;337
338;338
332;339
337;340
283;341
293;342
379;343
326;344
393;345
404;346
392;347
347;348
336;349
326;350
363;351
345;352
390;353
355;354
345;355
359;356
336;357
357;358
363;359
314;360
324;361
283;362
352;363
358;364
372;365
351;366
368;367
374;368
332;369
364;370
352;371
333;372
397;373
369;374
406;375
379;376
380;377
422;378
414;379
403;380
391;381
348;382
357;383
358;384
431;385
387;386
470;387
337;388
382;389
382;390
407;391
411;392
425;393
410;394
354;395
420;396
359;397
421;398
342;399
394;400
415;401
424;402
420;403
390;404
363;405
403;406
432;407
462;408
383;409
416;410
488;411
406;412
472;413
423;414
407;415
425;416
334;417
413;418
414;419
365;420
454;421
409;422
431;423
365;424
407;425
446;426
444;427
427;428
395;429
366;430
461;431
422;432
431;433
457;434
420;435
459;436
420;437
482;438
420;439
481;440
410;441
407;442
433;443
423;444
449;445
406;446
386;447
435;448
419;449
489;450
480;451
396;452
462;453
487;454
481;455
526;456
478;457
382;458
465;459
467;460
547;461
470;462
462;463
512;464
434;465
517;466
412;467
456;468
483;469
446;470
497;471
438;472
490;473
487;474
528;475
489;476
492;477
425;478
469;479
456;480
476;481
470;482
499;483
460;484
459;485
477;486
487;487
520;488
479;489
585;490
476;491
464;492
516;493
508;494
440;495
450;496
530;497
493;498
548;499
509;500
451;501
515;502
443;503
503;504
564;505
492;506
495;507
541;508
526;509
553;510
449;511
552;512
571;513
469;514
504;515
472;516
500;517
478;518
529;519
567;520
500;521
522;522
538;523
482;524
479;525
503;526
533;527
433;528
540;529
572;530
509;531
549;532
662;533
579;534
585;535
516;536
614;537
538;538
564;539
538;540
613;541
558;542
538;543
604;544
528;545
495;546
547;547
486;548
563;549
524;550
488;551
614;552
537;553
578;554
563;555
553;556
529;557
488;558
659;559
622;560
555;561
517;562
623;563
565;564
536;565
577;566
527;567
534;568
627;569
565;570
595;571
706;572
518;573
623;574
611;575
709;576
565;577
605;578
543;579
652;580
622;581
671;582
555;583
651;584
612;585
571;586
601;587
635;588
629;589
566;590
639;591
602;592
668;593
608;594
584;595
589;596
574;597
627;598
628;599
515;600
614;601
589;602
552;603
595;604
565;605
512;606
666;607
615;608
588;609
559;610
608;611
642;612
584;613
599;614
610;615
585;616
591;617
575;618
621;619
587;620
765;621
606;622
664;623
627;624
618;625
571;626
675;627
654;628
575;629
616;630
654;631
653;632
629;633
636;634
620;635
786;636
656;637
646;638
704;639
653;640
707;641
588;642
628;643
594;644
606;645
710;646
661;647
647;648
630;649
597;650
671;651
598;652
625;653
616;654
613;655
684;656
771;657
726;658
781;659
644;660
731;661
556;662
591;663
693;664
645;665
550;666
618;667
679;668
644;669
657;670
631;671
774;672
642;673
575;674
663;675
652;676
634;677
706;678
688;679
686;680
627;681
685;682
687;683
756;684
690;685
682;686
753;687
729;688
678;689
740;690
586;691
768;692
709;693
645;694
687;695
664;696
795;697
683;698
743;699
679;700
638;701
745;702
854;703
633;704
698;705
614;706
797;707
720;708
797;709
691;710
741;711
723;712
774;713
639;714
756;715
633;716
700;717
756;718
670;719
729;720
824;721
788;722
772;723
643;724
722;725
787;726
623;727
703;728
652;729
651;730
703;731
706;732
753;733
641;734
726;735
732;736
627;737
766;738
714;739
709;740
834;741
726;742
783;743
813;744
799;745
622;746
690;747
678;748
685;749
692;750
691;751
836;752
784;753
728;754
758;755
864;756
731;757
830;758
771;759
807;760
823;761
809;762
743;763
668;764
871;765
801;766
752;767
712;768
804;769
853;770
696;771
852;772
721;773
665;774
743;775
826;776
796;777
746;778
727;779
713;780
660;781
791;782
790;783
838;784
832;785
762;786
762;787
815;788
823;789
751;790
697;791
754;792
655;793
722;794
852;795
778;796
680;797
839;798
720;799
972;800
748;801
776;802
765;803
758;804
799;805
727;806
864;807
753;808
844;809
823;810
760;811
809;812
774;813
792;814
823;815
794;816
893;817
779;818
787;819
781;820
883;821
821;822
877;823
842;824
761;825
936;826
865;827
802;828
861;829
880;830
930;831
902;832
804;833
905;834
886;835
886;836
819;837
869;838
760;839
861;840
790;841
858;842
933;843
870;844
933;845
738;846
741;847
837;848
792;849
881;850
848;851
870;852
807;853
875;854
967;855
788;856
820;857
851;858
840;859
840;860
796;861
858;862
991;863
785;864
772;865
968;866
807;867
869;868
888;869
993;870
864;871
934;872
1000;873
754;874
973;875
1088;876
950;877
843;878
874;879
909;880
763;881
1104;882
971;883
808;884
897;885
882;886
806;887
865;888
808;889
871;890
917;891
825;892
967;893
941;894
992;895
843;896
976;897
869;898
990;899
968;900
852;901
916;902
958;903
750;904
860;905
896;906
990;907
1023;908
839;909
892;910
881;911
938;912
865;913
803;914
906;915
834;916
891;917
909;918
847;919
842;920
901;921
850;922
840;923
860;924
821;925
1051;926
907;927
881;928
792;929
981;930
1145;931
856;932
963;933
905;934
888;935
1066;936
949;937
910;938
960;939
774;940
878;941
1034;942
926;943
1108;944
810;945
985;946
885;947
868;948
869;949
885;950
1014;951
873;952
939;953
920;954
1043;955
978;956
984;957
907;958
812;959
1031;960
930;961
931;962
867;963
978;964
988;965
1121;966
890;967
896;968
842;969
838;970
875;971
1002;972
994;973
943;974
926;975
962;976
1014;977
848;978
823;979
1012;980
931;981
1155;982
926;983
1068;984
1012;985
918;986
1042;987
1001;988
951;989
1045;990
915;991
1037;992
935;993
988;994
912;995
869;996
908;997
1079;998
1109;999
1057;1000
912;1001
1089;1002
1147;1003
1056;1004
934;1005
1110;1006
1095;1007
894;1008
987;1009
1039;1010
963;1011
977;1012
925;1013
1112;1014
983;1015
1127;1016
1054;1017
1018;1018
957;1019
1117;1020
952;1021
905;1022
1201;1023
1129;1024
1201;1025
1034;1026
1005;1027
1132;1028
1091;1029
900;1030
1089;1031
1188;1032
1091;1033
1007;1034
986;1035
1178;1036
1064;1037
923;1038
977;1039
1047;1040
1039;1041
1001;1042
1018;1043
959;1044
894;1045
1159;1046
964;1047
1033;1048
1019;1049
1121;1050
1081;1051
1020;1052
1026;1053
1032;1054
1063;1055
1196;1056
1078;1057
1011;1058
1066;1059
1041;1060
952;1061
1045;1062
1114;1063
1009;1064
962;1065
919;1066
1065;1067
1231;1068
1101;1069
1082;1070
1158;1071
1047;1072
1100;1073
1179;1074
955;1075
1119;1076
1151;1077
1037;1078
1156;1079
1017;1080
1052;1081
992;1082
1135;1083
1099;1084
1035;1085
934;1086
1026;1087
1170;1088
1191;1089
1099;1090
992;1091
1159;1092
1152;1093
1256;1094
1213;1095
956;1096
1018;1097
933;1098
1058;1099
1030;1100
1017;1101
1200;1102
1047;1103
1195;1104
1176;1105
1215;1106
1242;1107
1332;1108
1070;1109
971;1110
1030;1111
1131;1112
1105;1113
1137;1114
1132;1115
1093;1116
1001;1117
1085;1118
1193;1119
1032;1120
1148;1121
1096;1122
1011;1123
1303;1124
1110;1125
1147;1126
1079;1127
1145;1128
1133;1129
1105;1130
1090;1131
1240;1132
1163;1133
1184;1134
1117;1135
1107;1136
1107;1137
1080;1138
1379;1139
1221;1140
1413;1141
1229;1142
1162;1143
1131;1144
1123;1145
1106;1146
1114;1147
1040;1148
1174;1149
1177;1150
1103;1151
1087;1152
960;1153
1159;1154
1220;1155
1191;1156
1244;1157
1140;1158
1113;1159
1212;1160
1101;1161
1232;1162
1045;1163
1120;1164
1184;1165
1175;1166
1193;1167
1224;1168
1031;1169
1281;1170
1178;1171
1203;1172
1271;1173
997;1174
1144;1175
1197;1176
1077;1177
1142;1178
1050;1179
1080;1180
1021;1181
1321;1182
1012;1183
1217;1184
1203;1185
1345;1186
1064;1187
1014;1188
1145;1189
1180;1190
1144;1191
1213;1192
1048;1193
1231;1194
1166;1195
1266;1196
1092;1197
1119;1198
1342;1199
1411;1200
1153;1201
1175;1202
1281;1203
1347;1204
991;1205
1169;1206
1024;1207
1062;1208
1203;1209
1161;1210
1038;1211
1169;1212
1344;1213
1228;1214
1171;1215
1205;1216
1120;1217
1369;1218
1271;1219
1277;1220
1206;1221
1291;1222
1267;1223
1341;1224
1128;1225
1207;1226
1149;1227
1212;1228
1294;1229
1378;1230
1138;1231
1145;1232
1379;1233
1329;1234
1389;1235
1423;1236
1408;1237
1274;1238
1227;1239
1385;1240
1315;1241
1206;1242
1214;1243
1187;1244
1237;1245
1285;1246
1110;1247
1355;1248
1272;1249
1334;1250
1119;1251
1250;1252
1253;1253
1322;1254
1374;1255
1324;1256
1365;1257
1341;1258
1286;1259
1386;1260
1289;1261
1288;1262
1261;1263
1157;1264
1175;1265
1115;1266
1172;1267
1227;1268
1199;1269
1244;1270
1367;1271
1315;1272
1258;1273
1203;1274
1144;1275
1145;1276
1278;1277
1356;1278
1298;1279
1073;1280
1320;1281
1321;1282
1257;1283
1305;1284
1280;1285
1124;1286
1123;1287
1348;1288
1316;1289
1253;1290
1326;1291
1138;1292
1350;1293
1275;1294
1370;1295
1385;1296
1487;1297
1228;1298
1256;1299
1315;1300
1330;1301
1363;1302
1097;1303
1446;1304
1196;1305
1407;1306
1140;1307
1166;1308
1196;1309
1349;1310
1284;1311
1356;1312
1201;1313
1295;1314
1259;1315
1183;1316
1170;1317
1403;1318
1286;1319
1347;1320
1337;1321
1259;1322
1503;1323
1366;1324
1245;1325
1299;1326
1371;1327
1278;1328
1402;1329
1398;1330
1291;1331
1366;1332
1226;1333
1417;1334
1082;1335
1381;1336
1400;1337
1248;1338
1309;1339
1412;1340
1316;1341
1210;1342
1431;1343
1569;1344
1463;1345
1473;1346
1227;1347
1581;1348
1337;1349
1276;1350
1218;1351
1108;1352
1389;1353
1316;1354
1191;1355
1300;1356
1424;1357
1340;1358
1195;1359
1308;1360
1312;1361
1191;1362
1234;1363
1403;1364
1596;1365
1406;1366
1605;1367
1422;1368
1260;1369
1362;1370
1180;1371
1225;1372
1401;1373
1321;1374
1264;1375
1611;1376
1333;1377
1446;1378
1322;1379
1262;1380
1431;1381
1333;1382
1405;1383
1598;1384
1296;1385
1571;1386
1381;1387
1317;1388
1447;1389
1484;1390
1367;1391
1359;1392
1240;1393
1302;1394
1467;1395
1516;1396
1311;1397
1117;1398
1268;1399
1208;1400
1363;1401
1463;1402
1331;1403
1389;1404
1424;1405
1411;1406
1358;1407
1235;1408
1486;1409
1254;1410
1402;1411
1351;1412
1350;1413
1257;1414
1358;1415
1167;1416
1675;1417
1543;1418
1125;1419
1599;1420
1608;1421
1432;1422
1220;1423
1196;1424
1435;1425
1434;1426
1336;1427
1352;1428
1487;1429
1296;1430
1621;1431
1434;1432
1418;1433
1178;1434
1430;1435
1509;1436
1310;1437
1442;1438
1414;1439
1408;1440
1426;1441
1412;1442
1292;1443
1584;1444
1553;1445
1382;1446
1488;1447
1351;1448
1289;1449
1677;1450
1437;1451
1353;1452
1444;1453
1386;1454
1532;1455
1304;1456
1418;1457
1337;1458
1362;1459
1523;1460
1641;1461
1556;1462
1565;1463
1434;1464
1484;1465
1601;1466
1342;1467
1290;1468
1387;1469
1435;1470
1424;1471
1656;1472
1272;1473
1500;1474
1290;1475
1405;1476
1369;1477
1406;1478
1617;1479
1576;1480
1387;1481
1496;1482
1382;1483
1491;1484
1502;1485
1639;1486
1399;1487
1584;1488
1669;1489
1420;1490
1367;1491
1627;1492
1399;1493
1778;1494
1309;1495
1614;1496
1371;1497
1379;1498
1574;1499
1355;1500
1603;1501
1385;1502
1546;1503
1521;1504
1566;1505
1394;1506
1347;1507
1290;1508
1329;1509
1326;1510
1489;1511
1291;1512
1275;1513
1462;1514
1428;1515
1598;1516
1523;1517
1695;1518
1728;1519
1537;1520
1595;1521
1540;1522
1540;1523
1328;1524
1788;1525
1635;1526
1663;1527
1444;1528
1672;1529
1551;1530
1658;1531
1546;1532
1415;1533
1509;1534
1697;1535
1406;1536
1533;1537
1553;1538
1617;1539
1545;1540
1692;1541
1830;1542
1816;1543
1455;1544
1415;1545
1240;1546
1738;1547
1455;1548
1465;1549
1683;1550
1510;1551
1529;1552
1487;1553
1584;1554
1415;1555
1560;1556
1463;1557
1508;1558
1887;1559
1571;1560
1452;1561
1515;1562
1604;1563
1428;1564
1733;1565
1654;1566
1432;1567
1605;1568
1552;1569
1474;1570
1875;1571
1713;1572
1563;1573
1410;1574
1750;1575
1734;1576
1411;1577
1577;1578
1560;1579
1725;1580
1572;1581
1600;1582
1648;1583
1133;1584
1662;1585
1646;1586
1924;1587
1453;1588
1740;1589
1733;1590
1554;1591
1519;1592
1464;1593
1760;1594
1694;1595
1468;1596
1615;1597
1811;1598
1740;1599
1578;1600
1455;1601
1691;1602
2123;1603
1528;1604
1462;1605
1557;1606
1720;1607
1817;1608
1572;1609
1752;1610
1569;1611
1623;1612
1847;1613
1928;1614
1728;1615
1579;1616
1558;1617
1965;1618
1534;1619
1593;1620
1413;1621
1663;1622
1561;1623
1822;1624
1544;1625
1508;1626
1742;1627
1398;1628
1482;1629
1649;1630
1753;1631
1706;1632
1505;1633
1557;1634
1582;1635
1796;1636
1917;1637
1529;1638
1589;1639
1638;1640
1544;1641
1582;1642
1757;1643
1675;1644
1364;1645
1448;1646
2089;1647
1656;1648
1561;1649
1503;1650
1777;1651
1666;1652
1591;1653
1786;1654
1689;1655
1646;1656
1899;1657
1773;1658
1723;1659
1523;1660
1469;1661
1446;1662
1545;1663
1581;1664
1570;1665
1735;1666
1755;1667
1663;1668
1565;1669
1650;1670
1837;1671
1705;1672
1766;1673
1853;1674
1632;1675
1558;1676
1706;1677
1538;1678
1671;1679
1545;1680
1665;1681
1526;1682
1723;1683
1703;1684
1712;1685
1826;1686
1684;1687
1681;1688
1694;1689
1749;1690
1568;1691
1831;1692
1643;1693
1773;1694
1786;1695
1848;1696
1745;1697
1676;1698
1729;1699
2046;1700
1702;1701
1855;1702
1671;1703
1771;1704
1485;1705
1846;1706
1759;1707
1834;1708
1882;1709
1871;1710
1575;1711
1423;1712
1593;1713
1745;1714
1625;1715
1730;1716
1650;1717
1585;1718
1818;1719
1703;1720
1762;1721
2030;1722
1571;1723
1740;1724
1908;1725
1729;1726
1693;1727
2002;1728
1733;1729
1587;1730
1662;1731
1773;1732
1576;1733
1787;1734
1967;1735
1700;1736
1792;1737
1798;1738
1757;1739
1548;1740
2013;1741
1896;1742
1428;1743
1843;1744
1800;1745
1830;1746
1668;1747
1709;1748
1630;1749
1963;1750
1669;1751
1860;1752
1828;1753
1715;1754
1844;1755
1796;1756
1611;1757
1568;1758
1574;1759
1638;1760
1859;1761
1807;1762
1763;1763
1960;1764
1675;1765
1777;1766
1771;1767
1809;1768
1614;1769
1718;1770
1732;1771
2087;1772
1725;1773
1785;1774
1498;1775
1763;1776
1453;1777
2067;1778
1778;1779
1826;1780
1803;1781
1949;1782
1570;1783
1937;1784
1793;1785
2266;1786
1573;1787
1600;1788
2098;1789
1975;1790
1655;1791
1839;1792
1871;1793
2014;1794
1474;1795
1756;1796
2048;1797
1892;1798
1919;1799
1929;1800
1911;1801
1582;1802
1735;1803
1707;1804
1495;1805
1549;1806
1799;1807
1749;1808
1617;1809
1954;1810
2011;1811
1697;1812
1643;1813
1775;1814
1729;1815
1589;1816
1742;1817
2013;1818
1944;1819
1657;1820
1661;1821
1743;1822
1910;1823
1819;1824
2171;1825
1735;1826
1654;1827
1774;1828
1692;1829
1719;1830
1874;1831
2050;1832
1814;1833
1791;1834
1648;1835
1654;1836
1665;1837
1904;1838
1929;1839
2001;1840
1777;1841
1739;1842
1628;1843
1612;1844
1968;1845
1511;1846
1833;1847
1967;1848
2066;1849
1982;1850
1992;1851
2000;1852
1560;1853
1985;1854
1670;1855
1806;1856
1779;1857
1673;1858
1746;1859
1774;1860
1991;1861
2123;1862
1707;1863
1905;1864
2097;1865
1788;1866
2098;1867
1853;1868
1851;1869
1984;1870
1581;1871
1815;1872
1992;1873
1641;1874
1933;1875
1728;1876
2382;1877
1842;1878
1637;1879
1872;1880
2365;1881
1864;1882
1739;1883
2025;1884
1717;1885
2228;1886
1762;1887
1980;1888
1931;1889
2136;1890
1689;1891
1914;1892
1852;1893
1930;1894
2015;1895
1995;1896
1646;1897
1797;1898
1907;1899
1854;1900
1750;1901
1716;1902
1997;1903
1748;1904
1896;1905
1854;1906
1778;1907
1936;1908
1889;1909
1710;1910
1972;1911
1706;1912
1953;1913
2227;1914
2043;1915
1849;1916
1878;1917
2094;1918
1876;1919
1794;1920
1777;1921
1932;1922
1573;1923
1875;1924
2103;1925
1793;1926
1940;1927
1770;1928
1782;1929
2011;1930
1813;1931
1977;1932
1510;1933
2180;1934
1803;1935
1926;1936
2200;1937
1970;1938
2058;1939
2283;1940
1784;1941
1860;1942
1803;1943
1815;1944
1909;1945
2032;1946
1947;1947
2070;1948
2125;1949
1938;1950
1994;1951
2126;1952
1844;1953
2060;1954
1940;1955
1681;1956
1929;1957
2201;1958
2065;1959
1930;1960
1706;1961
1901;1962
2081;1963
2069;1964
1874;1965
2305;1966
2021;1967
1964;1968
2051;1969
2118;1970
1942;1971
1820;1972
2171;1973
2244;1974
2038;1975
1901;1976
2072;1977
2002;1978
1944;1979
2155;1980
1857;1981
1968;1982
2248;1983
2046;1984
1872;1985
1922;1986
1943;1987
1974;1988
2007;1989
1962;1990
1953;1991
2025;1992
1950;1993
1785;1994
2117;1995
2155;1996
2042;1997
2105;1998
1687;1999
2006;2000
1872;2001
2010;2002
1901;2003
2072;2004
2024;2005
2054;2006
2106;2007
1821;2008
2022;2009
1773;2010
2227;2011
2319;2012
1685;2013
2031;2014
2153;2015
1907;2016
1909;2017
2112;2018
1893;2019
1845;2020
1923;2021
2141;2022
2002;2023
1995;2024
1830;2025
1833;2026
2225;2027
2366;2028
2166;2029
1964;2030
1781;2031
2053;2032
1835;2033
2026;2034
1984;2035
2218;2036
2014;2037
2189;2038
1827;2039
2046;2040
1829;2041
2153;2042
2080;2043
1716;2044
2069;2045
1926;2046
2282;2047
2032;2048
2187;2049
1928;2050
1941;2051
1949;2052
1814;2053
2243;2054
2032;2055
1932;2056
2101;2057
1989;2058
1994;2059
2079;2060
1980;2061
2445;2062
2272;2063
2084;2064
2357;2065
2018;2066
2377;2067
1970;2068
1912;2069
1954;2070
2043;2071
1931;2072
1817;2073
2087;2074
2137;2075
1803;2076
2488;2077
2305;2078
1972;2079
1999;2080
1875;2081
2156;2082
1979;2083
1887;2084
1987;2085
2002;2086
1912;2087
2120;2088
1964;2089
2398;2090
2005;2091
2400;2092
2528;2093
2146;2094
2103;2095
1954;2096
1971;2097
2074;2098
2031;2099
2123;2100
2121;2101
2140;2102
2098;2103
2005;2104
2039;2105
2004;2106
2254;2107
2194;2108
1931;2109
2148;2110
1934;2111
2251;2112
1967;2113
2328;2114
2034;2115
1977;2116
1968;2117
1948;2118
2216;2119
2335;2120
2201;2121
2187;2122
2356;2123
2207;2124
2078;2125
1929;2126
2238;2127
2346;2128
2016;2129
2303;2130
2326;2131
1963;2132
1968;2133
2053;2134
2323;2135
2595;2136
2350;2137
2152;2138
1599;2139
2295;2140
2187;2141
2345;2142
2242;2143
2030;2144
2376;2145
2232;2146
2448;2147
2065;2148
2084;2149
2206;2150
2311;2151
2078;2152
2237;2153
2133;2154
1987;2155
2343;2156
1947;2157
2727;2158
2320;2159
2113;2160
1878;2161
1904;2162
2230;2163
2466;2164
2267;2165
2158;2166
1932;2167
1871;2168
2350;2169
2009;2170
1762;2171
2358;2172
2015;2173
2107;2174
2176;2175
1882;2176
2736;2177
2092;2178
2085;2179
2185;2180
1932;2181
2104;2182
2099;2183
1902;2184
2282;2185
2130;2186
2560;2187
2321;2188
2069;2189
2216;2190
2153;2191
2322;2192
2146;2193
2253;2194
2465;2195
2342;2196
2203;2197
2325;2198
2161;2199
2136;2200
2139;2201
2179;2202
2457;2203
2103;2204
2205;2205
2711;2206
2590;2207
2268;2208
2339;2209
2274;2210
2560;2211
2439;2212
2266;2213
2443;2214
2029;2215
2480;2216
2079;2217
1909;2218
2141;2219
1976;2220
2054;2221
2435;2222
2176;2223
2367;2224
2144;2225
2017;2226
2047;2227
2264;2228
2332;2229
2089;2230
2112;2231
2289;2232
2456;2233
2401;2234
1785;2235
2236;2236
2379;2237
2056;2238
2304;2239
2177;2240
2122;2241
1986;2242
2413;2243
2193;2244
2549;2245
2441;2246
1919;2247
2427;2248
2553;2249
2441;2250
2156;2251
2246;2252
2630;2253
2013;2254
2315;2255
2141;2256
2388;2257
2050;2258
2220;2259
2371;2260
2196;2261
2331;2262
2737;2263
2301;2264
2085;2265
2310;2266
2288;2267
2162;2268
2452;2269
2189;2270
2073;2271
2273;2272
2723;2273
2369;2274
2640;2275
2189;2276
2114;2277
2198;2278
2314;2279
1989;2280
1982;2281
2409;2282
2043;2283
2309;2284
2464;2285
2053;2286
2293;2287
2560;2288
2946;2289
2246;2290
2699;2291
2491;2292
2384;2293
2306;2294
2366;2295
2487;2296
2429;2297
1930;2298
2263;2299
2057;2300
2480;2301
2372;2302
2348;2303
2675;2304
2067;2305
1885;2306
2071;2307
2657;2308
2410;2309
2293;2310
2182;2311
2432;2312
2420;2313
2301;2314
2219;2315
2129;2316
2382;2317
2204;2318
1943;2319
2178;2320
2162;2321
2290;2322
2431;2323
2473;2324
2564;2325
2214;2326
2754;2327
2247;2328
2063;2329
2597;2330
2123;2331
2199;2332
2585;2333
2382;2334
2811;2335
2549;2336
2257;2337
1884;2338
2341;2339
2367;2340
2314;2341
2181;2342
2548;2343
2333;2344
2102;2345
2192;2346
2320;2347
2542;2348
1835;2349
2552;2350
2466;2351
2498;2352
2125;2353
2433;2354
2043;2355
2277;2356
2175;2357
2629;2358
2176;2359
2314;2360
1953;2361
2528;2362
2006;2363
2175;2364
2267;2365
2349;2366
2403;2367
2182;2368
2245;2369
2256;2370
1890;2371
2150;2372
2397;2373
2377;2374
2369;2375
2288;2376
2102;2377
2212;2378
2296;2379
2179;2380
2414;2381
2246;2382
2438;2383
2430;2384
2460;2385
2234;2386
2324;2387
2291;2388
2282;2389
2534;2390
2190;2391
2238;2392
2726;2393
2719;2394
2461;2395
2443;2396
2466;2397
2711;2398
2320;2399
2410;2400
2399;2401
2514;2402
2678;2403
2415;2404
2962;2405
2120;2406
2610;2407
2287;2408
2227;2409
2258;2410
2309;2411
2690;2412
2080;2413
2209;2414
2208;2415
2567;2416
2384;2417
2049;2418
2011;2419
2284;2420
2376;2421
2033;2422
2341;2423
2609;2424
2793;2425
2056;2426
2439;2427
2218;2428
2293;2429
2226;2430
2531;2431
2573;2432
2226;2433
2620;2434
2648;2435
2843;2436
2356;2437
2894;2438
2352;2439
2749;2440
2400;2441
2592;2442
2199;2443
2598;2444
2603;2445
2562;2446
2126;2447
2304;2448
2761;2449
2409;2450
2578;2451
2076;2452
2590;2453
2361;2454
2435;2455
2659;2456
2553;2457
2415;2458
2156;2459
2507;2460
2297;2461
2203;2462
2974;2463
2339;2464
1970;2465
2351;2466
2475;2467
2338;2468
2460;2469
2820;2470
2179;2471
2308;2472
2056;2473
2506;2474
2707;2475
2624;2476
2599;2477
2589;2478
2798;2479
2424;2480
2228;2481
2657;2482
2290;2483
2315;2484
2444;2485
2591;2486
2819;2487
2336;2488
2711;2489
2602;2490
2584;2491
2044;2492
2318;2493
3216;2494
2229;2495
2323;2496
2652;2497
2405;2498
2757;2499
2565;2500
3123;2501
2389;2502
2896;2503
2198;2504
2509;2505
2768;2506
2499;2507
2512;2508
2743;2509
2392;2510
2353;2511
2637;2512
2510;2513
2496;2514
2275;2515
1982;2516
2392;2517
2640;2518
2304;2519
2126;2520
2702;2521
2697;2522
2317;2523
2191;2524
3043;2525
2674;2526
2440;2527
2569;2528
2506;2529
2743;2530
1987;2531
2227;2532
2699;2533
2567;2534
2781;2535
2380;2536
2485;2537
2494;2538
2171;2539
2230;2540
2622;2541
2495;2542
2152;2543
2442;2544
2687;2545
2453;2546
2438;2547
2410;2548
2370;2549
2267;2550
2265;2551
2547;2552
2495;2553
2561;2554
2416;2555
2903;2556
2801;2557
2587;2558
2488;2559
2572;2560
2643;2561
3082;2562
2404;2563
2445;2564
2472;2565
2649;2566
3316;2567
2921;2568
2639;2569
2368;2570
2835;2571
2457;2572
2303;2573
2364;2574
2212;2575
2452;2576
2226;2577
2811;2578
2385;2579
2319;2580
2966;2581
2686;2582
3035;2583
2828;2584
2515;2585
2605;2586
2796;2587
2845;2588
2557;2589
2439;2590
2444;2591
2528;2592
2302;2593
2602;2594
2968;2595
2092;2596
2515;2597
2574;2598
2898;2599
2433;2600
2515;2601
2429;2602
3172;2603
2363;2604
2495;2605
2604;2606
2279;2607
2510;2608
2630;2609
2894;2610
2717;2611
2910;2612
2207;2613
2666;2614
2786;2615
2468;2616
2451;2617
3015;2618
2337;2619
3023;2620
2678;2621
2663;2622
2833;2623
2628;2624
2793;2625
2136;2626
2528;2627
3315;2628
2550;2629
3129;2630
2525;2631
2560;2632
2285;2633
2280;2634
2477;2635
2534;2636
2327;2637
2564;2638
2506;2639
2241;2640
2455;2641
2878;2642
2390;2643
3069;2644
2328;2645
2500;2646
3657;2647
2881;2648
2616;2649
2604;2650
2573;2651
2489;2652
3005;2653
2401;2654
2726;2655
3076;2656
2644;2657
2825;2658
2656;2659
2318;2660
2877;2661
2410;2662
2672;2663
2533;2664
2561;2665
2280;2666
2465;2667
3057;2668
2857;2669
2884;2670
2680;2671
2704;2672
2500;2673
2894;2674
2875;2675
2746;2676
2628;2677
2509;2678
2838;2679
2445;2680
2848;2681
2656;2682
2412;2683
3020;2684
2676;2685
2547;2686
3069;2687
2807;2688
2893;2689
2819;2690
2991;2691
2617;2692
2794;2693
2427;2694
3526;2695
2725;2696
2516;2697
3240;2698
2771;2699
2554;2700
2445;2701
2782;2702
2642;2703
2866;2704
2950;2705
2842;2706
2637;2707
2590;2708
3108;2709
2510;2710
2562;2711
2297;2712
2715;2713
2984;2714
2519;2715
2759;2716
2461;2717
2845;2718
3047;2719
3098;2720
2778;2721
2522;2722
2723;2723
2478;2724
2978;2725
2400;2726
2844;2727
2821;2728
2656;2729
2781;2730
2416;2731
2466;2732
3175;2733
2738;2734
2833;2735
2354;2736
3392;2737
2632;2738
2906;2739
2829;2740
2367;2741
2780;2742
2704;2743
2645;2744
2620;2745
2692;2746
2904;2747
2940;2748
2489;2749
2575;2750
2354;2751
2342;2752
2839;2753
2609;2754
2518;2755
2545;2756
2703;2757
2556;2758
2904;2759
2755;2760
2885;2761
2664;2762
3104;2763
2527;2764
2847;2765
2719;2766
3029;2767
2570;2768
2598;2769
2651;2770
2831;2771
2610;2772
2463;2773
2616;2774
2916;2775
2852;2776
2779;2777
2524;2778
2850;2779
3228;2780
2530;2781
2296;2782
2898;2783
2652;2784
2783;2785
2815;2786
2996;2787
3102;2788
2367;2789
2796;2790
3065;2791
2377;2792
2734;2793
2869;2794
2664;2795
2721;2796
2664;2797
2705;2798
2454;2799
2785;2800
2680;2801
2657;2802
2822;2803
3246;2804
2681;2805
2558;2806
2681;2807
2853;2808
2485;2809
2598;2810
2833;2811
2834;2812
2922;2813
2659;2814
2976;2815
2582;2816
2863;2817
2720;2818
2687;2819
2857;2820
2938;2821
2738;2822
2617;2823
2822;2824
2879;2825
3030;2826
2792;2827
2815;2828
3308;2829
2409;2830
3172;2831
3407;2832
3061;2833
3126;2834
2769;2835
2846;2836
2709;2837
3462;2838
3299;2839
2809;2840
2744;2841
2591;2842
3095;2843
2618;2844
3736;2845
2583;2846
2915;2847
2722;2848
3493;2849
2878;2850
2713;2851
2531;2852
3116;2853
2940;2854
2507;2855
2652;2856
2845;2857
2826;2858
2988;2859
3270;2860
2711;2861
2919;2862
2661;2863
3471;2864
2503;2865
2974;2866
2772;2867
2780;2868
2667;2869
2331;2870
2913;2871
2700;2872
2912;2873
2729;2874
2938;2875
2399;2876
2749;2877
2510;2878
2667;2879
3310;2880
2548;2881
3135;2882
3135;2883
2981;2884
3040;2885
3098;2886
2718;2887
2540;2888
2911;2889
2790;2890
2903;2891
3022;2892
3239;2893
2943;2894
3244;2895
2527;2896
2530;2897
2924;2898
2732;2899
3751;2900
3090;2901
3149;2902
3174;2903
3084;2904
2876;2905
2874;2906
3538;2907
3037;2908
2871;2909
3306;2910
2834;2911
2747;2912
2832;2913
3061;2914
3252;2915
2611;2916
3129;2917
2993;2918
2740;2919
2921;2920
3093;2921
2973;2922
2596;2923
2810;2924
3090;2925
2660;2926
2696;2927
3028;2928
2661;2929
2580;2930
2315;2931
2977;2932
2679;2933
2876;2934
2984;2935
2656;2936
2682;2937
3784;2938
2821;2939
2850;2940
2936;2941
3001;2942
2996;2943
3191;2944
2888;2945
2531;2946
3402;2947
3065;2948
2895;2949
2687;2950
2951;2951
2861;2952
2928;2953
2616;2954
3462;2955
2342;2956
3115;2957
3199;2958
2806;2959
3273;2960
2692;2961
3252;2962
2861;2963
2824;2964
2843;2965
2797;2966
3021;2967
3067;2968
2683;2969
3082;2970
3587;2971
2642;2972
2557;2973
3640;2974
3053;2975
2933;2976
2949;2977
3046;2978
2927;2979
3059;2980
2630;2981
3171;2982
2854;2983
2961;2984
2840;2985
2733;2986
2942;2987
3292;2988
2786;2989
2480;2990
2416;2991
2839;2992
3275;2993
3079;2994
3208;2995
3004;2996
2926;2997
2810;2998
2830;2999
2883;3000
3027;3001
3427;3002
2994;3003
3107;3004
3406;3005
2961;3006
2572;3007
3256;3008
3298;3009
2688;3010
2775;3011
2864;3012
2665;3013
2874;3014
3065;3015
2832;3016
2924;3017
3599;3018
3534;3019
3169;3020
2909;3021
3039;3022
3159;3023
2759;3024
2996;3025
3046;3026
2639;3027
2890;3028
3224;3029
2983;3030
2481;3031
2483;3032
2805;3033
3350;3034
2963;3035
2867;3036
2946;3037
3123;3038
3101;3039
2761;3040
3163;3041
3502;3042
3080;3043
2938;3044
2977;3045
3037;3046
2919;3047
3080;3048
3093;3049
2860;3050
3291;3051
3468;3052
2985;3053
3334;3054
2986;3055
3031;3056
3423;3057
3073;3058
3223;3059
3308;3060
3011;3061
2930;3062
2815;3063
2800;3064
2934;3065
3505;3066
3224;3067
3329;3068
2879;3069
3435;3070
3038;3071
2708;3072
3467;3073
3134;3074
3185;3075
3166;3076
3383;3077
3511;3078
3158;3079
3121;3080
2925;3081
3398;3082
3074;3083
3149;3084
2979;3085
2920;3086
2863;3087
2975;3088
2983;3089
3161;3090
3099;3091
3008;3092
3072;3093
3125;3094
3523;3095
3016;3096
3441;3097
3444;3098
2882;3099
3432;3100
3113;3101
3388;3102
3317;3103
3468;3104
2854;3105
2958;3106
3230;3107
2631;3108
3149;3109
3295;3110
2891;3111
3057;3112
3278;3113
3164;3114
3035;3115
4045;3116
3356;3117
3195;3118
2730;3119
3577;3120
3013;3121
3267;3122
3018;3123
3289;3124
2901;3125
2843;3126
3219;3127
3253;3128
3045;3129
2843;3130
2979;3131
3864;3132
3092;3133
2666;3134
3135;3135
3140;3136
2732;3137
3069;3138
3493;3139
3620;3140
3211;3141
3251;3142
2922;3143
3813;3144
3739;3145
3537;3146
3508;3147
2500;3148
3165;3149
2976;3150
3208;3151
2992;3152
3036;3153
3380;3154
2878;3155
3285;3156
3993;3157
3278;3158
3563;3159
3499;3160
3124;3161
3076;3162
2805;3163
3245;3164
2923;3165
3078;3166
3652;3167
3887;3168
3109;3169
2995;3170
3130;3171
3603;3172
2783;3173
3311;3174
3325;3175
3132;3176
2762;3177
2587;3178
3113;3179
3056;3180
3406;3181
3429;3182
3095;3183
3189;3184
3039;3185
2710;3186
3281;3187
3039;3188
3093;3189
3031;3190
3049;3191
3385;3192
3185;3193
2720;3194
3084;3195
3078;3196
3486;3197
2720;3198
3099;3199
3394;3200
3256;3201
2996;3202
3202;3203
3215;3204
2690;3205
3542;3206
2961;3207
2936;3208
3157;3209
3506;3210
3442;3211
3044;3212
3371;3213
3116;3214
3002;3215
2976;3216
2938;3217
3248;3218
2705;3219
3381;3220
2972;3221
3159;3222
2955;3223
3099;3224
3378;3225
3106;3226
3643;3227
3468;3228
3281;3229
3557;3230
3035;3231
3441;3232
3085;3233
3479;3234
2811;3235
3374;3236
3471;3237
2901;3238
3572;3239
3894;3240
3079;3241
3302;3242
3236;3243
3250;3244
3226;3245
3261;3246
3427;3247
3379;3248
3065;3249
4119;3250
3594;3251
3312;3252
3457;3253
3232;3254
3679;3255
3239;3256
3822;3257
3009;3258
3445;3259
3134;3260
2975;3261
3182;3262
3411;3263
3234;3264
3072;3265
3113;3266
3323;3267
3105;3268
3277;3269
3192;3270
3590;3271
3345;3272
3692;3273
3408;3274
2945;3275
3936;3276
3443;3277
3174;3278
3356;3279
3190;3280
2719;3281
3002;3282
3271;3283
3116;3284
3411;3285
3164;3286
3402;3287
2938;3288
3279;3289
3463;3290
3319;3291
3282;3292
3258;3293
2966;3294
3227;3295
3485;3296
3396;3297
3227;3298
3638;3299
3007;3300
3615;3301
3279;3302
3702;3303
4018;3304
3486;3305
3312;3306
3095;3307
2825;3308
3462;3309
3086;3310
3354;3311
3202;3312
3046;3313
3878;3314
3595;3315
2903;3316
2956;3317
3235;3318
3009;3319
3382;3320
3870;3321
3476;3322
3011;3323
3162;3324
3057;3325
3113;3326
3681;3327
3067;3328
3070;3329
3158;3330
3872;3331
3454;3332
2639;3333
3186;3334
3133;3335
3366;3336
3284;3337
3361;3338
3856;3339
3217;3340
3677;3341
3624;3342
2912;3343
3182;3344
2755;3345
4213;3346
3048;3347
2888;3348
3171;3349
3234;3350
2937;3351
3109;3352
3890;3353
3280;3354
3170;3355
3082;3356
2706;3357
2935;3358
3329;3359
3722;3360
3043;3361
2934;3362
3488;3363
2896;3364
3406;3365
3869;3366
3591;3367
3863;3368
3533;3369
3770;3370
3084;3371
3730;3372
3475;3373
3110;3374
3235;3375
3179;3376
3843;3377
3265;3378
3801;3379
3468;3380
3248;3381
3167;3382
3595;3383
3332;3384
3320;3385
3202;3386
2942;3387
3771;3388
3377;3389
3493;3390
2845;3391
3380;3392
3246;3393
3461;3394
3440;3395
3209;3396
3690;3397
3144;3398
2989;3399
3097;3400
3207;3401
3536;3402
3219;3403
3318;3404
3306;3405
3326;3406
3509;3407
3789;3408
3924;3409
3849;3410
3499;3411
3351;3412
3529;3413
3309;3414
3709;3415
3192;3416
3346;3417
3680;3418
3399;3419
3740;3420
3337;3421
3878;3422
3959;3423
3168;3424
2938;3425
3020;3426
3571;3427
3971;3428
3232;3429
3539;3430
3630;3431
2769;3432
3706;3433
3537;3434
3531;3435
3387;3436
3320;3437
3381;3438
4089;3439
3296;3440
3356;3441
3645;3442
3226;3443
3487;3444
3459;3445
3246;3446
3185;3447
3463;3448
3460;3449
3478;3450
3261;3451
3555;3452
3624;3453
3381;3454
3830;3455
2687;3456
3163;3457
3578;3458
3288;3459
3498;3460
3496;3461
3301;3462
3310;3463
3299;3464
4754;3465
3236;3466
3292;3467
3588;3468
3300;3469
3694;3470
3294;3471
3504;3472
2914;3473
3465;3474
3301;3475
2974;3476
3448;3477
3828;3478
3796;3479
3822;3480
2982;3481
3069;3482
3055;3483
3257;3484
3167;3485
3640;3486
3367;3487
3416;3488
3417;3489
3543;3490
3560;3491
3301;3492
4015;3493
3524;3494
4055;3495
3491;3496
3400;3497
3624;3498
2906;3499
4166;3500
2924;3501
3624;3502
3794;3503
3177;3504
3540;3505
4263;3506
3295;3507
3320;3508
2943;3509
4129;3510
3551;3511
3346;3512
3231;3513
3470;3514
3323;3515
3623;3516
3754;3517
3232;3518
3557;3519
3374;3520
3266;3521
3442;3522
3274;3523
4066;3524
3687;3525
3382;3526
3868;3527
3615;3528
4064;3529
4230;3530
4346;3531
2875;3532
3387;3533
3650;3534
3775;3535
3306;3536
4074;3537
3338;3538
3592;3539
3126;3540
3194;3541
3920;3542
3703;3543
3929;3544
3388;3545
3533;3546
4505;3547
2854;3548
3540;3549
2869;3550
3872;3551
3474;3552
3332;3553
4273;3554
4202;3555
3763;3556
3675;3557
3940;3558
3488;3559
3398;3560
3718;3561
3812;3562
3580;3563
3540;3564
3720;3565
3927;3566
3181;3567
3741;3568
3634;3569
4069;3570
3485;3571
3260;3572
3223;3573
4113;3574
4075;3575
3214;3576
3683;3577
3617;3578
3333;3579
2904;3580
3874;3581
3903;3582
3577;3583
3794;3584
3554;3585
3588;3586
3286;3587
3455;3588
4009;3589
3098;3590
4026;3591
3446;3592
3696;3593
4211;3594
3799;3595
3485;3596
3539;3597
3429;3598
3814;3599
3565;3600
3400;3601
3990;3602
3852;3603
3873;3604
3980;3605
3946;3606
3129;3607
2948;3608
3697;3609
3598;3610
3397;3611
3458;3612
3739;3613
3466;3614
4450;3615
3556;3616
3566;3617
3321;3618
3762;3619
3655;3620
3942;3621
4063;3622
3324;3623
3724;3624
3362;3625
4473;3626
3711;3627
3534;3628
3542;3629
4013;3630
3887;3631
3124;3632
3735;3633
3733;3634
3939;3635
3196;3636
3552;3637
3593;3638
3650;3639
3827;3640
4443;3641
3577;3642
4213;3643
3386;3644
4220;3645
3366;3646
3139;3647
2917;3648
2892;3649
3542;3650
3742;3651
3199;3652
3243;3653
3513;3654
3840;3655
3737;3656
3018;3657
3618;3658
3564;3659
3849;3660
3142;3661
3690;3662
3710;3663
3509;3664
4042;3665
3274;3666
3638;3667
3047;3668
3499;3669
3487;3670
3549;3671
3537;3672
3601;3673
3496;3674
3742;3675
3693;3676
3433;3677
3792;3678
4203;3679
3909;3680
4325;3681
4722;3682
3260;3683
3177;3684
3437;3685
3586;3686
3478;3687
3684;3688
4141;3689
4467;3690
4358;3691
3795;3692
3695;3693
3469;3694
4609;3695
4403;3696
3802;3697
3385;3698
3993;3699
3646;3700
3805;3701
3794;3702
3407;3703
3381;3704
3859;3705
3984;3706
4164;3707
3570;3708
3539;3709
3571;3710
4045;3711
3871;3712
3644;3713
3768;3714
3615;3715
4182;3716
3464;3717
3343;3718
3770;3719
3703;3720
3784;3721
3175;3722
3818;3723
3793;3724
3432;3725
3634;3726
4270;3727
3531;3728
3602;3729
3852;3730
3973;3731
3891;3732
3287;3733
4376;3734
3662;3735
3642;3736
3441;3737
3486;3738
3242;3739
4193;3740
3315;3741
3547;3742
3435;3743
3570;3744
3924;3745
3246;3746
4403;3747
3810;3748
3653;3749
3926;3750
4322;3751
3119;3752
4198;3753
3405;3754
3461;3755
3524;3756
4080;3757
3227;3758
3801;3759
3514;3760
2849;3761
4073;3762
3831;3763
3624;3764
3396;3765
3787;3766
3815;3767
3932;3768
3761;3769
3680;3770
3657;3771
3599;3772
4081;3773
3819;3774
3855;3775
4003;3776
4171;3777
3529;3778
3830;3779
3553;3780
3864;3781
3356;3782
3713;3783
3897;3784
4170;3785
3566;3786
3267;3787
3731;3788
3917;3789
4059;3790
4401;3791
4060;3792
4109;3793
3516;3794
3453;3795
4008;3796
4343;3797
3452;3798
4217;3799
3526;3800
4555;3801
3888;3802
3219;3803
3499;3804
3512;3805
3437;3806
4008;3807
4105;3808
3360;3809
3298;3810
3492;3811
3976;3812
3730;3813
4260;3814
4011;3815
4262;3816
3232;3817
4365;3818
4045;3819
4414;3820
3772;3821
4178;3822
3860;3823
3890;3824
4025;3825
3556;3826
3729;3827
3503;3828
3456;3829
3885;3830
3392;3831
3460;3832
3243;3833
4138;3834
3347;3835
3191;3836
3267;3837
3580;3838
4127;3839
3838;3840
3689;3841
3324;3842
3755;3843
3732;3844
3787;3845
3362;3846
3737;3847
4042;3848
3634;3849
4567;3850
3903;3851
4146;3852
4719;3853
4150;3854
4001;3855
3231;3856
3505;3857
4328;3858
3634;3859
4122;3860
4957;3861
3321;3862
4219;3863
3670;3864
3929;3865
3561;3866
3590;3867
4666;3868
4640;3869
3474;3870
3399;3871
3570;3872
3624;3873
3928;3874
4112;3875
4372;3876
3194;3877
4031;3878
3768;3879
3738;3880
4060;3881
4291;3882
3742;3883
3221;3884
3493;3885
4028;3886
3257;3887
4500;3888
3439;3889
3393;3890
3887;3891
4034;3892
3075;3893
3866;3894
3728;3895
3915;3896
4257;3897
3324;3898
3787;3899
3164;3900
3743;3901
3607;3902
3415;3903
4002;3904
3649;3905
3817;3906
3796;3907
3644;3908
4331;3909
4232;3910
4008;3911
3789;3912
3708;3913
4149;3914
3753;3915
5054;3916
3750;3917
3984;3918
3776;3919
4119;3920
3834;3921
3514;3922
4119;3923
3893;3924
3687;3925
4546;3926
4175;3927
3645;3928
4051;3929
3669;3930
4138;3931
4215;3932
4167;3933
3592;3934
4325;3935
3679;3936
4156;3937
4161;3938
4038;3939
3530;3940
3675;3941
4021;3942
4403;3943
3826;3944
4201;3945
4123;3946
3673;3947
3853;3948
3819;3949
4125;3950
3984;3951
3788;3952
3930;3953
3552;3954
4083;3955
4084;3956
4337;3957
3977;3958
4077;3959
4485;3960
3647;3961
3334;3962
4321;3963
5217;3964
4457;3965
4488;3966
4342;3967
3743;3968
3723;3969
4182;3970
3566;3971
3792;3972
4358;3973
3364;3974
3837;3975
3286;3976
4194;3977
4010;3978
3921;3979
3711;3980
3726;3981
3870;3982
3903;3983
3702;3984
4529;3985
3209;3986
4013;3987
4478;3988
3741;3989
3953;3990
3719;3991
4149;3992
3976;3993
4217;3994
4038;3995
3770;3996
4222;3997
3782;3998
3847;3999
3514;4000
3487;4001
3495;4002
3830;4003
4331;4004
3870;4005
3571;4006
3618;4007
4413;4008
4239;4009
4124;4010
3795;4011
4241;4012
3904;4013
3773;4014
3727;4015
4632;4016
4359;4017
3523;4018
4454;4019
3877;4020
3898;4021
3947;4022
3768;4023
4195;4024
4134;4025
3916;4026
4162;4027
4040;4028
3790;4029
3567;4030
3852;4031
3640;4032
3961;4033
4069;4034
4322;4035
3748;4036
4315;4037
4287;4038
3857;4039
3839;4040
3940;4041
4057;4042
4234;4043
4575;4044
4345;4045
3825;4046
3780;4047
4366;4048
4287;4049
4247;4050
4280;4051
4212;4052
4345;4053
4127;4054
3509;4055
3695;4056
3474;4057
4038;4058
4155;4059
3875;4060
4606;4061
3559;4062
4413;4063
4084;4064
4284;4065
4461;4066
4350;4067
4110;4068
3680;4069
3968;4070
4942;4071
4126;4072
3779;4073
3685;4074
3418;4075
4064;4076
4945;4077
3868;4078
4217;4079
3920;4080
3503;4081
3942;4082
3462;4083
3915;4084
4047;4085
3926;4086
4366;4087
4341;4088
3522;4089
4147;4090
3583;4091
3927;4092
3977;4093
4169;4094
4201;4095
3824;4096
4492;4097
3360;4098
3531;4099
3534;4100
4285;4101
5120;4102
4495;4103
4503;4104
4466;4105
4206;4106
4690;4107
3616;4108
4068;4109
4580;4110
4444;4111
3525;4112
4300;4113
3761;4114
3570;4115
4077;4116
4198;4117
3999;4118
4431;4119
5005;4120
4438;4121
4090;4122
4071;4123
3716;4124
4410;4125
4109;4126
4393;4127
4156;4128
4123;4129
3964;4130
3873;4131
3469;4132
4076;4133
4243;4134
4026;4135
3951;4136
3972;4137
3498;4138
4572;4139
4948;4140
4326;4141
4019;4142
3779;4143
4749;4144
4833;4145
4302;4146
5048;4147
4701;4148
3916;4149
4073;4150
4432;4151
4604;4152
4208;4153
3740;4154
4792;4155
4707;4156
3945;4157
3735;4158
3618;4159
3819;4160
4117;4161
3562;4162
4437;4163
4569;4164
4704;4165
4033;4166
4824;4167
3825;4168
4048;4169
4210;4170
3399;4171
4072;4172
4023;4173
4544;4174
4184;4175
4575;4176
4409;4177
4353;4178
4176;4179
4594;4180
4297;4181
4015;4182
4472;4183
4013;4184
4440;4185
3882;4186
3540;4187
4734;4188
4165;4189
4437;4190
3757;4191
4816;4192
4016;4193
3554;4194
3745;4195
3878;4196
3869;4197
3714;4198
4596;4199
4107;4200
3782;4201
4058;4202
3964;4203
4427;4204
4073;4205
4151;4206
4216;4207
3946;4208
4083;4209
4322;4210
3881;4211
3885;4212
3902;4213
3747;4214
3805;4215
3731;4216
4690;4217
4221;4218
4051;4219
3958;4220
3888;4221
4847;4222
4633;4223
4318;4224
4617;4225
4102;4226
4187;4227
4145;4228
3945;4229
5024;4230
4056;4231
4321;4232
4365;4233
3833;4234
5149;4235
3862;4236
4197;4237
4344;4238
4634;4239
3850;4240
3923;4241
4906;4242
4207;4243
4897;4244
4212;4245
4395;4246
4109;4247
3535;4248
4288;4249
4655;4250
4728;4251
3724;4252
4263;4253
3829;4254
4143;4255
4066;4256
3737;4257
4167;4258
4479;4259
4606;4260
3669;4261
4420;4262
4144;4263
4178;4264
3948;4265
3693;4266
3990;4267
3231;4268
4206;4269
4640;4270
4697;4271
4176;4272
4673;4273
3360;4274
4680;4275
5154;4276
3958;4277
4510;4278
3811;4279
4083;4280
3871;4281
4291;4282
4009;4283
4858;4284
4277;4285
3753;4286
3952;4287
3851;4288
3635;4289
3944;4290
3866;4291
4742;4292
3952;4293
4770;4294
4735;4295
4809;4296
4207;4297
4477;4298
3887;4299
4159;4300
3841;4301
4792;4302
4150;4303
3870;4304
3907;4305
4463;4306
4461;4307
4455;4308
4041;4309
3859;4310
4312;4311
4536;4312
4638;4313
3982;4314
3920;4315
4075;4316
4399;4317
4636;4318
4360;4319
3705;4320
4629;4321
4105;4322
4284;4323
5079;4324
4104;4325
3709;4326
4193;4327
4223;4328
4561;4329
4512;4330
4750;4331
3871;4332
4635;4333
4502;4334
4376;4335
4365;4336
4064;4337
4540;4338
3838;4339
4123;4340
4739;4341
4078;4342
3974;4343
4080;4344
4506;4345
4250;4346
4150;4347
5094;4348
4630;4349
4386;4350
4323;4351
4283;4352
5302;4353
4638;4354
4035;4355
4353;4356
4677;4357
4233;4358
4372;4359
4253;4360
4486;4361
4333;4362
4347;4363
4129;4364
4098;4365
5271;4366
4845;4367
3801;4368
4133;4369
4600;4370
4279;4371
3900;4372
4859;4373
3658;4374
4314;4375
4444;4376
4630;4377
4399;4378
4499;4379
4390;4380
3830;4381
4163;4382
3705;4383
4171;4384
4634;4385
4402;4386
4777;4387
4961;4388
4172;4389
4733;4390
4293;4391
5128;4392
4231;4393
4765;4394
4731;4395
3957;4396
4151;4397
4095;4398
3791;4399
4972;4400
3718;4401
4512;4402
3737;4403
4792;4404
4124;4405
4045;4406
4441;4407
3852;4408
4154;4409
4730;4410
4312;4411
5077;4412
4934;4413
4484;4414
4376;4415
4399;4416
3798;4417
4741;4418
4602;4419
4638;4420
4176;4421
3796;4422
4664;4423
4209;4424
4486;4425
4754;4426
3476;4427
4223;4428
4134;4429
4114;4430
4926;4431
4305;4432
4947;4433
4133;4434
4346;4435
4291;4436
3842;4437
4670;4438
4087;4439
4208;4440
3718;4441
4738;4442
4862;4443
4010;4444
5099;4445
3553;4446
4276;4447
5641;4448
4848;4449
4446;4450
4374;4451
5057;4452
4566;4453
4277;4454
4681;4455
5109;4456
3978;4457
4490;4458
4436;4459
4407;4460
4543;4461
5075;4462
4124;4463
4787;4464
4751;4465
4176;4466
4325;4467
3927;4468
3927;4469
4374;4470
4617;4471
4034;4472
4575;4473
4679;4474
5354;4475
3854;4476
4729;4477
4537;4478
4069;4479
4333;4480
3715;4481
4156;4482
4656;4483
4192;4484
5138;4485
5696;4486
5588;4487
4101;4488
4959;4489
4447;4490
4324;4491
4525;4492
3675;4493
4788;4494
4703;4495
5510;4496
3848;4497
3828;4498
4246;4499
5333;4500
4186;4501
4690;4502
4395;4503
4112;4504
4807;4505
5748;4506
3970;4507
5465;4508
4716;4509
5641;4510
3555;4511
4828;4512
4122;4513
4497;4514
4784;4515
4051;4516
4669;4517
3944;4518
4222;4519
5418;4520
4557;4521
4869;4522
4304;4523
4596;4524
3880;4525
4264;4526
4213;4527
4518;4528
3866;4529
3801;4530
4492;4531
3981;4532
3935;4533
4235;4534
4223;4535
3494;4536
4772;4537
4731;4538
4747;4539
4787;4540
4845;4541
4455;4542
3909;4543
4103;4544
5186;4545
4379;4546
4225;4547
5251;4548
4954;4549
5121;4550
4273;4551
4246;4552
4353;4553
4162;4554
3860;4555
4384;4556
4846;4557
4000;4558
4494;4559
4493;4560
4807;4561
4268;4562
4232;4563
4427;4564
4970;4565
4830;4566
5051;4567
4477;4568
4495;4569
4929;4570
4755;4571
4737;4572
5162;4573
4437;4574
5502;4575
4907;4576
4215;4577
4461;4578
4329;4579
3787;4580
4303;4581
4626;4582
4104;4583
4655;4584
4611;4585
5142;4586
4809;4587
4181;4588
4670;4589
4465;4590
4098;4591
4556;4592
4282;4593
4512;4594
4715;4595
4417;4596
3924;4597
5095;4598
4315;4599
4119;4600
4603;4601
4036;4602
4665;4603
3899;4604
4603;4605
5349;4606
4470;4607
4435;4608
5140;4609
4815;4610
5204;4611
4763;4612
4326;4613
3899;4614
4360;4615
4382;4616
4775;4617
5092;4618
4958;4619
4282;4620
3809;4621
4613;4622
5028;4623
5169;4624
4859;4625
4183;4626
4361;4627
4764;4628
4600;4629
4297;4630
4688;4631
4907;4632
5066;4633
4418;4634
4751;4635
5587;4636
4973;4637
5126;4638
4837;4639
4669;4640
5131;4641
4325;4642
4400;4643
4564;4644
5277;4645
4552;4646
4697;4647
4701;4648
5202;4649
4163;4650
4640;4651
4874;4652
4748;4653
4302;4654
3966;4655
4876;4656
5705;4657
5104;4658
4907;4659
4137;4660
4815;4661
4616;4662
4443;4663
4768;4664
4610;4665
4663;4666
5539;4667
4433;4668
4972;4669
5143;4670
4957;4671
4525;4672
4542;4673
4226;4674
4343;4675
3861;4676
4928;4677
5068;4678
4559;4679
4273;4680
4061;4681
4382;4682
5365;4683
5239;4684
4046;4685
4999;4686
4630;4687
4629;4688
4554;4689
4116;4690
4115;4691
4966;4692
4801;4693
4328;4694
5162;4695
4738;4696
4776;4697
4153;4698
5188;4699
4769;4700
4153;4701
5175;4702
5363;4703
5352;4704
3884;4705
4740;4706
5141;4707
4185;4708
4815;4709
5359;4710
4676;4711
4453;4712
5455;4713
4933;4714
4552;4715
4477;4716
4557;4717
5199;4718
5838;4719
4361;4720
4694;4721
4731;4722
4311;4723
5407;4724
4353;4725
4382;4726
5408;4727
4084;4728
4894;4729
4310;4730
4720;4731
4374;4732
4291;4733
4474;4734
5021;4735
4805;4736
4806;4737
3574;4738
4577;4739
5483;4740
5536;4741
4519;4742
3908;4743
4431;4744
4818;4745
5469;4746
4744;4747
4864;4748
4626;4749
4952;4750
5432;4751
4565;4752
4575;4753
4310;4754
4345;4755
4352;4756
4402;4757
5141;4758
4691;4759
4929;4760
4506;4761
5317;4762
4495;4763
5137;4764
4764;4765
5471;4766
5443;4767
4761;4768
4719;4769
6020;4770
5007;4771
4715;4772
4719;4773
4564;4774
4761;4775
4686;4776
4365;4777
4391;4778
5575;4779
4587;4780
4118;4781
4784;4782
4377;4783
4684;4784
5191;4785
4953;4786
5315;4787
4672;4788
4685;4789
4225;4790
4270;4791
5669;4792
4847;4793
5996;4794
4319;4795
4907;4796
5633;4797
5031;4798
4763;4799
4260;4800
3834;4801
5125;4802
4303;4803
4483;4804
4294;4805
4985;4806
4453;4807
4639;4808
4848;4809
4893;4810
4848;4811
4089;4812
4639;4813
5042;4814
5024;4815
5138;4816
4610;4817
4365;4818
4963;4819
4295;4820
4792;4821
5064;4822
4943;4823
5144;4824
4794;4825
5158;4826
4781;4827
4876;4828
5420;4829
5383;4830
4475;4831
5509;4832
4317;4833
4792;4834
4216;4835
4886;4836
4799;4837
4319;4838
5497;4839
5234;4840
4699;4841
5245;4842
4876;4843
4707;4844
4286;4845
5317;4846
4338;4847
4226;4848
4483;4849
4832;4850
5221;4851
4527;4852
5027;4853
4917;4854
5236;4855
4688;4856
4078;4857
5103;4858
4587;4859
4773;4860
4796;4861
4697;4862
4691;4863
5057;4864
4364;4865
5140;4866
4625;4867
4945;4868
5019;4869
4723;4870
4627;4871
4565;4872
5194;4873
4845;4874
4251;4875
4582;4876
4572;4877
4401;4878
4437;4879
5736;4880
4578;4881
3544;4882
4854;4883
4884;4884
5554;4885
5078;4886
5532;4887
5254;4888
4510;4889
4683;4890
4308;4891
4946;4892
4359;4893
5177;4894
5211;4895
5349;4896
4735;4897
4725;4898
4533;4899
4334;4900
5031;4901
5721;4902
5485;4903
4062;4904
4688;4905
4542;4906
5048;4907
5224;4908
4665;4909
5172;4910
6148;4911
4784;4912
4518;4913
4678;4914
5352;4915
5063;4916
4300;4917
5296;4918
5078;4919
4547;4920
4426;4921
6046;4922
4588;4923
4366;4924
4766;4925
4349;4926
5137;4927
5058;4928
5876;4929
4318;4930
4867;4931
4871;4932
4784;4933
5622;4934
5172;4935
5252;4936
4904;4937
4588;4938
5798;4939
4693;4940
5416;4941
5362;4942
4335;4943
4872;4944
5749;4945
5049;4946
4804;4947
5426;4948
5361;4949
5168;4950
4323;4951
5143;4952
5198;4953
4537;4954
4627;4955
5722;4956
4690;4957
4612;4958
4728;4959
4839;4960
4832;4961
5086;4962
4283;4963
4450;4964
5400;4965
5397;4966
5144;4967
4063;4968
4252;4969
5542;4970
4845;4971
4862;4972
4434;4973
4440;4974
5340;4975
6071;4976
5671;4977
5543;4978
5221;4979
4793;4980
5208;4981
5443;4982
5010;4983
5018;4984
4967;4985
4567;4986
4357;4987
4865;4988
4246;4989
5058;4990
4291;4991
4723;4992
4998;4993
4218;4994
5641;4995
4948;4996
5057;4997
5098;4998
4645;4999
4249;5000
5083;5001
6020;5002
4740;5003
5082;5004
5770;5005
4954;5006
4718;5007
4684;5008
4686;5009
5428;5010
4570;5011
4989;5012
5308;5013
4865;5014
4199;5015
5263;5016
4749;5017
4565;5018
5304;5019
4882;5020
5759;5021
4805;5022
4904;5023
5591;5024
5300;5025
5835;5026
4975;5027
5133;5028
4947;5029
5100;5030
4680;5031
5697;5032
5360;5033
5147;5034
4474;5035
4444;5036
5601;5037
5038;5038
4942;5039
4735;5040
4593;5041
5438;5042
5323;5043
4912;5044
5319;5045
5000;5046
4457;5047
5273;5048
5044;5049
4452;5050
4685;5051
4645;5052
5167;5053
5124;5054
4884;5055
5145;5056
4337;5057
5787;5058
5796;5059
6172;5060
4540;5061
4860;5062
4899;5063
5128;5064
5348;5065
4689;5066
4919;5067
4605;5068
4476;5069
5179;5070
5253;5071
4453;5072
6120;5073
5972;5074
5068;5075
4811;5076
5515;5077
5698;5078
4279;5079
5363;5080
5083;5081
4546;5082
4615;5083
5335;5084
5014;5085
5825;5086
4314;5087
4999;5088
5490;5089
5967;5090
4591;5091
5088;5092
5066;5093
4842;5094
5112;5095
5110;5096
5690;5097
5234;5098
4545;5099
4481;5100
4926;5101
5398;5102
5180;5103
5001;5104
4701;5105
5423;5106
4742;5107
4549;5108
5626;5109
5703;5110
5045;5111
5387;5112
5257;5113
4641;5114
4916;5115
5186;5116
5014;5117
5893;5118
5800;5119
5932;5120
6116;5121
5312;5122
5356;5123
6098;5124
5214;5125
5248;5126
5984;5127
4971;5128
4995;5129
4659;5130
5310;5131
5177;5132
4647;5133
5294;5134
5454;5135
4997;5136
4660;5137
4346;5138
4465;5139
4848;5140
4721;5141
4976;5142
5511;5143
5415;5144
5454;5145
4658;5146
5504;5147
5841;5148
4762;5149
5592;5150
5391;5151
5352;5152
4794;5153
5592;5154
4886;5155
6090;5156
4691;5157
4701;5158
4642;5159
6246;5160
5323;5161
4809;5162
6135;5163
5047;5164
5390;5165
4383;5166
5361;5167
4883;5168
5365;5169
4707;5170
5421;5171
5078;5172
5567;5173
6036;5174
5075;5175
4942;5176
5407;5177
4893;5178
5168;5179
4335;5180
5217;5181
5347;5182
5004;5183
5675;5184
7172;5185
5166;5186
4405;5187
4822;5188
4771;5189
5181;5190
5045;5191
5423;5192
4796;5193
5145;5194
6229;5195
5304;5196
5929;5197
5207;5198
4980;5199
5668;5200
4833;5201
5056;5202
4756;5203
4782;5204
4979;5205
4987;5206
5391;5207
4588;5208
4637;5209
4659;5210
5000;5211
5428;5212
5236;5213
5435;5214
5110;5215
5621;5216
5950;5217
4871;5218
4169;5219
5608;5220
5301;5221
5633;5222
5542;5223
5262;5224
5087;5225
5137;5226
4571;5227
4748;5228
5659;5229
5819;5230
4979;5231
6046;5232
5004;5233
5029;5234
5938;5235
5451;5236
5060;5237
4776;5238
5086;5239
4661;5240
5059;5241
5111;5242
4827;5243
5051;5244
4618;5245
5569;5246
4552;5247
4809;5248
5740;5249
5012;5250
5854;5251
5418;5252
4716;5253
5028;5254
4949;5255
5056;5256
5391;5257
5808;5258
4926;5259
5301;5260
5079;5261
6242;5262
5494;5263
5595;5264
6071;5265
5070;5266
5148;5267
5082;5268
4906;5269
5117;5270
4790;5271
5071;5272
6525;5273
6055;5274
4879;5275
6278;5276
4655;5277
5027;5278
4718;5279
4963;5280
4366;5281
5282;5282
4677;5283
4839;5284
5285;5285
5662;5286
5040;5287
5005;5288
4741;5289
5933;5290
5801;5291
5777;5292
5125;5293
5365;5294
5600;5295
5633;5296
6338;5297
5986;5298
5718;5299
5716;5300
6561;5301
5543;5302
4317;5303
5390;5304
5290;5305
6003;5306
5084;5307
4707;5308
4543;5309
5043;5310
5143;5311
5284;5312
4635;5313
5089;5314
5163;5315
5088;5316
5090;5317
5570;5318
5251;5319
4607;5320
5276;5321
5381;5322
4689;5323
5276;5324
6220;5325
4880;5326
5166;5327
4883;5328
5505;5329
4506;5330
5751;5331
5085;5332
5390;5333
4689;5334
5262;5335
4953;5336
5070;5337
4178;5338
5791;5339
4934;5340
6280;5341
5375;5342
5068;5343
4888;5344
5190;5345
5695;5346
4940;5347
4524;5348
5207;5349
5677;5350
4988;5351
5882;5352
5903;5353
4510;5354
5008;5355
4725;5356
5120;5357
6066;5358
5001;5359
5961;5360
5514;5361
5397;5362
5797;5363
5388;5364
5513;5365
5435;5366
4857;5367
4588;5368
5232;5369
5264;5370
5033;5371
5298;5372
5273;5373
5722;5374
5198;5375
5787;5376
4887;5377
4677;5378
4878;5379
5280;5380
5015;5381
5096;5382
6701;5383
5576;5384
5946;5385
5019;5386
5431;5387
6349;5388
5162;5389
6138;5390
5600;5391
5666;5392
5348;5393
5632;5394
5565;5395
4621;5396
5942;5397
5223;5398
4990;5399
4593;5400
5305;5401
5599;5402
5597;5403
4659;5404
5165;5405
4876;5406
5775;5407
5249;5408
5458;5409
5639;5410
5304;5411
6571;5412
4991;5413
5849;5414
5617;5415
5734;5416
5350;5417
4823;5418
5214;5419
4951;5420
5102;5421
5189;5422
5486;5423
6221;5424
5125;5425
5270;5426
4724;5427
6367;5428
5180;5429
5984;5430
5677;5431
4892;5432
5574;5433
5816;5434
5492;5435
5948;5436
5114;5437
5333;5438
5555;5439
5847;5440
5880;5441
4507;5442
5532;5443
5382;5444
5099;5445
5370;5446
4503;5447
5549;5448
5307;5449
5906;5450
6265;5451
5376;5452
5914;5453
4921;5454
4905;5455
5233;5456
5086;5457
5093;5458
5915;5459
5684;5460
5218;5461
6108;5462
5619;5463
5789;5464
6024;5465
5756;5466
4986;5467
5209;5468
6076;5469
5253;5470
5376;5471
5574;5472
5287;5473
5635;5474
5165;5475
4893;5476
5654;5477
5684;5478
5188;5479
5382;5480
6131;5481
6074;5482
5377;5483
6305;5484
5455;5485
6250;5486
5333;5487
4524;5488
5940;5489
5848;5490
5464;5491
5981;5492
5924;5493
5359;5494
5477;5495
5178;5496
4688;5497
5064;5498
5607;5499
4968;5500
4545;5501
6293;5502
5751;5503
5648;5504
5226;5505
6310;5506
4643;5507
5180;5508
5842;5509
5328;5510
4813;5511
5889;5512
4825;5513
6182;5514
5372;5515
5746;5516
5809;5517
6246;5518
5085;5519
5691;5520
5738;5521
5919;5522
6116;5523
6220;5524
5889;5525
5280;5526
5173;5527
5039;5528
5136;5529
5914;5530
5780;5531
6730;5532
4797;5533
5492;5534
5354;5535
5098;5536
6068;5537
5468;5538
5766;5539
5836;5540
4744;5541
5221;5542
5705;5543
5778;5544
5266;5545
5467;5546
4664;5547
6163;5548
5603;5549
5206;5550
5126;5551
5747;5552
5292;5553
5123;5554
5066;5555
6327;5556
5573;5557
5420;5558
5232;5559
5883;5560
5606;5561
5643;5562
5047;5563
5046;5564
5720;5565
5219;5566
5478;5567
4782;5568
4882;5569
4951;5570
5670;5571
6005;5572
5052;5573
5450;5574
6135;5575
5428;5576
5219;5577
5799;5578
6005;5579
5862;5580
5062;5581
5206;5582
5465;5583
5716;5584
5955;5585
5771;5586
4738;5587
5296;5588
5317;5589
4820;5590
5235;5591
5657;5592
6005;5593
5952;5594
5821;5595
5409;5596
6302;5597
5231;5598
6340;5599
6010;5600
6567;5601
5830;5602
6533;5603
5945;5604
5246;5605
5597;5606
5398;5607
5194;5608
6391;5609
5527;5610
5168;5611
5688;5612
5811;5613
5730;5614
6048;5615
6812;5616
5093;5617
5656;5618
5666;5619
5814;5620
5431;5621
5447;5622
5299;5623
5002;5624
5940;5625
6242;5626
5166;5627
6108;5628
4689;5629
5726;5630
5886;5631
5761;5632
5010;5633
5885;5634
6047;5635
4830;5636
5556;5637
6021;5638
5328;5639
5663;5640
5032;5641
5183;5642
6111;5643
5706;5644
5763;5645
5547;5646
5867;5647
6068;5648
4890;5649
5646;5650
5553;5651
6159;5652
5248;5653
6553;5654
5277;5655
6614;5656
5090;5657
5444;5658
5906;5659
6002;5660
5233;5661
5330;5662
5385;5663
6268;5664
6483;5665
5134;5666
5266;5667
6196;5668
6562;5669
5114;5670
5526;5671
6375;5672
5982;5673
5864;5674
5117;5675
4973;5676
5443;5677
6776;5678
5288;5679
5640;5680
5700;5681
5434;5682
5503;5683
5910;5684
5496;5685
6211;5686
5123;5687
6285;5688
5271;5689
5337;5690
5882;5691
5165;5692
7195;5693
5702;5694
5287;5695
5827;5696
5304;5697
6151;5698
5602;5699
5349;5700
4494;5701
5660;5702
5179;5703
6359;5704
5934;5705
5865;5706
5937;5707
5523;5708
4627;5709
6030;5710
5059;5711
5928;5712
5310;5713
4965;5714
5002;5715
5079;5716
5374;5717
5105;5718
5814;5719
5713;5720
5865;5721
6003;5722
5605;5723
5891;5724
6465;5725
5707;5726
5243;5727
4645;5728
5450;5729
5203;5730
4806;5731
6169;5732
5432;5733
6270;5734
5816;5735
5128;5736
6263;5737
5175;5738
5495;5739
6531;5740
5925;5741
5755;5742
5407;5743
6146;5744
6403;5745
6500;5746
4628;5747
5368;5748
6054;5749
6222;5750
5661;5751
5122;5752
5784;5753
4980;5754
6419;5755
5905;5756
5444;5757
5164;5758
5215;5759
5843;5760
5886;5761
5783;5762
5466;5763
5874;5764
6023;5765
5318;5766
5587;5767
5510;5768
6217;5769
6813;5770
5400;5771
5549;5772
5951;5773
5887;5774
5466;5775
4956;5776
5192;5777
6766;5778
6056;5779
5583;5780
6132;5781
6193;5782
5464;5783
5621;5784
6134;5785
5012;5786
5374;5787
5266;5788
5891;5789
5311;5790
5533;5791
5193;5792
6187;5793
5908;5794
6546;5795
6298;5796
5980;5797
6631;5798
6579;5799
4791;5800
5399;5801
6109;5802
5915;5803
6303;5804
5687;5805
5201;5806
5760;5807
5967;5808
6456;5809
6294;5810
6366;5811
5555;5812
6162;5813
5095;5814
5984;5815
6108;5816
6367;5817
6185;5818
5835;5819
5936;5820
6161;5821
4855;5822
5264;5823
5418;5824
5846;5825
5871;5826
5463;5827
6435;5828
6048;5829
6477;5830
6135;5831
5738;5832
5502;5833
5881;5834
5867;5835
6686;5836
5646;5837
5558;5838
6081;5839
5758;5840
5303;5841
5887;5842
5386;5843
5027;5844
5555;5845
5708;5846
5349;5847
6065;5848
7601;5849
5066;5850
6956;5851
5976;5852
5465;5853
5293;5854
6452;5855
5896;5856
5804;5857
6040;5858
6054;5859
6506;5860
5548;5861
6339;5862
6286;5863
5968;5864
5792;5865
5437;5866
6050;5867
6805;5868
6662;5869
5622;5870
5960;5871
5336;5872
6551;5873
5591;5874
5293;5875
7230;5876
5489;5877
5064;5878
6489;5879
5982;5880
6774;5881
5152;5882
5743;5883
6519;5884
6338;5885
5614;5886
5093;5887
6212;5888
6380;5889
5792;5890
5097;5891
5486;5892
5707;5893
5433;5894
5285;5895
5570;5896
5941;5897
6106;5898
6057;5899
6722;5900
5105;5901
5802;5902
6151;5903
4855;5904
6176;5905
6094;5906
6816;5907
6225;5908
6618;5909
6246;5910
5836;5911
5889;5912
5278;5913
5628;5914
6430;5915
5600;5916
5564;5917
5064;5918
6737;5919
5590;5920
5808;5921
7266;5922
6074;5923
7123;5924
6643;5925
5497;5926
5233;5927
5687;5928
6166;5929
5929;5930
5761;5931
5233;5932
6311;5933
5855;5934
5134;5935
6313;5936
6247;5937
6009;5938
5841;5939
6364;5940
5820;5941
6568;5942
5762;5943
6400;5944
6185;5945
5391;5946
5808;5947
5410;5948
6493;5949
5382;5950
4610;5951
5673;5952
5761;5953
5871;5954
4975;5955
6007;5956
5540;5957
5624;5958
6217;5959
6069;5960
5917;5961
5331;5962
7166;5963
5193;5964
4938;5965
6624;5966
6465;5967
5695;5968
5797;5969
6691;5970
6330;5971
6016;5972
6719;5973
5893;5974
6975;5975
6023;5976
5037;5977
5340;5978
6170;5979
5603;5980
5397;5981
5339;5982
5984;5983
5533;5984
5719;5985
5316;5986
5292;5987
5964;5988
5495;5989
5778;5990
5998;5991
6271;5992
6855;5993
5971;5994
6239;5995
6456;5996
5888;5997
5910;5998
6318;5999
5796;6000
6200;6001
5395;6002
5656;6003
6593;6004
5367;6005
5877;6006
6164;6007
5603;6008
6741;6009
5844;6010
5983;6011
5659;6012
6071;6013
5294;6014
6533;6015
6332;6016
5930;6017
5520;6018
5974;6019
7685;6020
6112;6021
5645;6022
6776;6023
6610;6024
6094;6025
5729;6026
6656;6027
5849;6028
5004;6029
6495;6030
6934;6031
6226;6032
5894;6033
6282;6034
5708;6035
6604;6036
6673;6037
6931;6038
6876;6039
6090;6040
5486;6041
6324;6042
6457;6043
6729;6044
6105;6045
6672;6046
5684;6047
6161;6048
7024;6049
6170;6050
6732;6051
6490;6052
6725;6053
6003;6054
5840;6055
5795;6056
6238;6057
5640;6058
6002;6059
6246;6060
5598;6061
6759;6062
6407;6063
6471;6064
5537;6065
5981;6066
5022;6067
5858;6068
5955;6069
5840;6070
5932;6071
5995;6072
5222;6073
6232;6074
6592;6075
6504;6076
6136;6077
5293;6078
6487;6079
5758;6080
6051;6081
5993;6082
5761;6083
7774;6084
5868;6085
5791;6086
6076;6087
6444;6088
4774;6089
7072;6090
7291;6091
6081;6092
5533;6093
6924;6094
6500;6095
5806;6096
6294;6097
5407;6098
6708;6099
5596;6100
5424;6101
5622;6102
6656;6103
6305;6104
6280;6105
7448;6106
6614;6107
6652;6108
5249;6109
5511;6110
6622;6111
5826;6112
5984;6113
6928;6114
5867;6115
5870;6116
5689;6117
6086;6118
5553;6119
5864;6120
5972;6121
5788;6122
5811;6123
5813;6124
5784;6125
5893;6126
5344;6127
5346;6128
6468;6129
5896;6130
7008;6131
6452;6132
5995;6133
6140;6134
5674;6135
6692;6136
5892;6137
7137;6138
5615;6139
6121;6140
7287;6141
5851;6142
5945;6143
5773;6144
5955;6145
6582;6146
6629;6147
6509;6148
6837;6149
6134;6150
7307;6151
4646;6152
6390;6153
6001;6154
6085;6155
6506;6156
6583;6157
6951;6158
6582;6159
5812;6160
6264;6161
5924;6162
5300;6163
5328;6164
6413;6165
5878;6166
7339;6167
6020;6168
6312;6169
6509;6170
6388;6171
6032;6172
5795;6173
6075;6174
5541;6175
6475;6176
6626;6177
5895;6178
5895;6179
5590;6180
4834;6181
6050;6182
6679;6183
6258;6184
5566;6185
6629;6186
5794;6187
6605;6188
7076;6189
6414;6190
5264;6191
6637;6192
5481;6193
6275;6194
5636;6195
5611;6196
5525;6197
6661;6198
6018;6199
4940;6200
6161;6201
5930;6202
6673;6203
6988;6204
6128;6205
5445;6206
6345;6207
7381;6208
7185;6209
5959;6210
6177;6211
5980;6212
6100;6213
6318;6214
5657;6215
5173;6216
6483;6217
6748;6218
7203;6219
6112;6220
5150;6221
6351;6222
5978;6223
6056;6224
7084;6225
6320;6226
7430;6227
6188;6228
6295;6229
5897;6230
6161;6231
6464;6232
6052;6233
5507;6234
6035;6235
6304;6236
6291;6237
5576;6238
6536;6239
5409;6240
6493;6241
6626;6242
6328;6243
7133;6244
5726;6245
6441;6246
5917;6247
6189;6248
6382;6249
6070;6250
7434;6251
6100;6252
6013;6253
6503;6254
5752;6255
6527;6256
6797;6257
6374;6258
6621;6259
6491;6260
6675;6261
6182;6262
5557;6263
6239;6264
5737;6265
6992;6266
5316;6267
6449;6268
6020;6269
7308;6270
6013;6271
6060;6272
5965;6273
6165;6274
6799;6275
5795;6276
7864;6277
6155;6278
5618;6279
6154;6280
7294;6281
5599;6282
6978;6283
6338;6284
6299;6285
6131;6286
5880;6287
5868;6288
6112;6289
6589;6290
6635;6291
5870;6292
5919;6293
6270;6294
5069;6295
5703;6296
7262;6297
6642;6298
6174;6299
5776;6300
6162;6301
6007;6302
6461;6303
5855;6304
7278;6305
6957;6306
5247;6307
6122;6308
6041;6309
6562;6310
6698;6311
6999;6312
6417;6313
6203;6314
5694;6315
5506;6316
5840;6317
6847;6318
5618;6319
6994;6320
6323;6321
6456;6322
5441;6323
6629;6324
6102;6325
6656;6326
6247;6327
6366;6328
5850;6329
6326;6330
5969;6331
6550;6332
6292;6333
6610;6334
6254;6335
6144;6336
6354;6337
7162;6338
5830;6339
6816;6340
5134;6341
6457;6342
7096;6343
5982;6344
7115;6345
7373;6346
5608;6347
6623;6348
6071;6349
6237;6350
6233;6351
6223;6352
6618;6353
7004;6354
6367;6355
6029;6356
7170;6357
6793;6358
7262;6359
6606;6360
6330;6361
6913;6362
6375;6363
6717;6364
6800;6365
5928;6366
6251;6367
6562;6368
6668;6369
6231;6370
6224;6371
6046;6372
6475;6373
6192;6374
6958;6375
5917;6376
6869;6377
6435;6378
6246;6379
5313;6380
7058;6381
5461;6382
6846;6383
6451;6384
5585;6385
6704;6386
6217;6387
6443;6388
5370;6389
7584;6390
5997;6391
6124;6392
6634;6393
6700;6394
5993;6395
6446;6396
6878;6397
6129;6398
6184;6399
6065;6400
5502;6401
6356;6402
5893;6403
6631;6404
7794;6405
6428;6406
6282;6407
7702;6408
6389;6409
6976;6410
5680;6411
5381;6412
5867;6413
6679;6414
6700;6415
6251;6416
6457;6417
6423;6418
6111;6419
6430;6420
6688;6421
6911;6422
5170;6423
6303;6424
7688;6425
6484;6426
5482;6427
5656;6428
5983;6429
6043;6430
5726;6431
6614;6432
5859;6433
5890;6434
6193;6435
7663;6436
6395;6437
7227;6438
7001;6439
6571;6440
6711;6441
5622;6442
6834;6443
6102;6444
5951;6445
6518;6446
6116;6447
8091;6448
5994;6449
6457;6450
6653;6451
6201;6452
6398;6453
6000;6454
6714;6455
6778;6456
6555;6457
7007;6458
7086;6459
5768;6460
6694;6461
6801;6462
5855;6463
6993;6464
6951;6465
6671;6466
6680;6467
7129;6468
7193;6469
7064;6470
6323;6471
7383;6472
7753;6473
7068;6474
5845;6475
6813;6476
6531;6477
6108;6478
6828;6479
6155;6480
5874;6481
7291;6482
6040;6483
6933;6484
7218;6485
6756;6486
5062;6487
6267;6488
7405;6489
6652;6490
7508;6491
7698;6492
6560;6493
6117;6494
5781;6495
6685;6496
8143;6497
6480;6498
7139;6499
6955;6500
6168;6501
6311;6502
6604;6503
6219;6504
5805;6505
6027;6506
5804;6507
5399;6508
6595;6509
7704;6510
7271;6511
7073;6512
5598;6513
5871;6514
6760;6515
6226;6516
5397;6517
7157;6518
5717;6519
6524;6520
6477;6521
6517;6522
6700;6523
6239;6524
7104;6525
6698;6526
5433;6527
6711;6528
6349;6529
6359;6530
7609;6531
6166;6532
6729;6533
6354;6534
6776;6535
5978;6536
6686;6537
7348;6538
6478;6539
5819;6540
5268;6541
6274;6542
6660;6543
6484;6544
6802;6545
7354;6546
5892;6547
7599;6548
7338;6549
6454;6550
7868;6551
6590;6552
5870;6553
7848;6554
7455;6555
5993;6556
6813;6557
7122;6558
6456;6559
6109;6560
7832;6561
5857;6562
5514;6563
7548;6564
6865;6565
6289;6566
5910;6567
6595;6568
6382;6569
7434;6570
5961;6571
6595;6572
6049;6573
6520;6574
6238;6575
5201;6576
6477;6577
7375;6578
6606;6579
6751;6580
6831;6581
7076;6582
6322;6583
7050;6584
7158;6585
7335;6586
7680;6587
6134;6588
6487;6589
5606;6590
6622;6591
6395;6592
5855;6593
6538;6594
6673;6595
5720;6596
6977;6597
6832;6598
6776;6599
6882;6600
7048;6601
5776;6602
5971;6603
6058;6604
6832;6605
6359;6606
6375;6607
6390;6608
6921;6609
6245;6610
6666;6611
6296;6612
7068;6613
7172;6614
5992;6615
7442;6616
6612;6617
6566;6618
6145;6619
7346;6620
7009;6621
6679;6622
7157;6623
7731;6624
5844;6625
6946;6626
6712;6627
5974;6628
7272;6629
5463;6630
7075;6631
7293;6632
6766;6633
6233;6634
6754;6635
5958;6636
6341;6637
6563;6638
7839;6639
6395;6640
6384;6641
6002;6642
6887;6643
6081;6644
6316;6645
6339;6646
7810;6647
5998;6648
6650;6649
6423;6650
5821;6651
7753;6652
6010;6653
6579;6654
6336;6655
6086;6656
6208;6657
6499;6658
6072;6659
6303;6660
6412;6661
6466;6662
6508;6663
7336;6664
6220;6665
5846;6666
8027;6667
6675;6668
6858;6669
5952;6670
6607;6671
6543;6672
6068;6673
6548;6674
8138;6675
6088;6676
7022;6677
6360;6678
7906;6679
6428;6680
6269;6681
7458;6682
7077;6683
6711;6684
5796;6685
6870;6686
6105;6687
6921;6688
6268;6689
6856;6690
6507;6691
6497;6692
7194;6693
6732;6694
7104;6695
6656;6696
6698;6697
5437;6698
6665;6699
5427;6700
6810;6701
6289;6702
6658;6703
6334;6704
5711;6705
5466;6706
6723;6707
6404;6708
6046;6709
6787;6710
6429;6711
6484;6712
6099;6713
6695;6714
6440;6715
6998;6716
6441;6717
6533;6718
6397;6719
7815;6720
7597;6721
6734;6722
6690;6723
7498;6724
6057;6725
6325;6726
7193;6727
6049;6728
6268;6729
7965;6730
6542;6731
6356;6732
6694;6733
6615;6734
7050;6735
6454;6736
7138;6737
6958;6738
6215;6739
6954;6740
6095;6741
6644;6742
6935;6743
6016;6744
6494;6745
7130;6746
6823;6747
6796;6748
6327;6749
6148;6750
6751;6751
6770;6752
6844;6753
7939;6754
6594;6755
6867;6756
6899;6757
7127;6758
6234;6759
5861;6760
5702;6761
6411;6762
6933;6763
6302;6764
6983;6765
5787;6766
6783;6767
6939;6768
6307;6769
6388;6770
6361;6771
6592;6772
7260;6773
7287;6774
7121;6775
5112;6776
6461;6777
5967;6778
7001;6779
6285;6780
6438;6781
6317;6782
7323;6783
6735;6784
7300;6785
7556;6786
6836;6787
6498;6788
6694;6789
6483;6790
6589;6791
6787;6792
6936;6793
8069;6794
6068;6795
7030;6796
6615;6797
7003;6798
8238;6799
7417;6800
6401;6801
6376;6802
6618;6803
7136;6804
6619;6805
7578;6806
6486;6807
6193;6808
6089;6809
7460;6810
5458;6811
5906;6812
7053;6813
7516;6814
7268;6815
6627;6816
7486;6817
5545;6818
7247;6819
6916;6820
7528;6821
6682;6822
6647;6823
7549;6824
6596;6825
6496;6826
6986;6827
5393;6828
6811;6829
6578;6830
6597;6831
6769;6832
6190;6833
6927;6834
6485;6835
6957;6836
7031;6837
6196;6838
8512;6839
6824;6840
7832;6841
7544;6842
6721;6843
8680;6844
6733;6845
6927;6846
6074;6847
5926;6848
7009;6849
6996;6850
6027;6851
7063;6852
7106;6853
6061;6854
6850;6855
7131;6856
6354;6857
6634;6858
7164;6859
7169;6860
7521;6861
6285;6862
6429;6863
6692;6864
7327;6865
6544;6866
6884;6867
6182;6868
6889;6869
6965;6870
6992;6871
7093;6872
6327;6873
7888;6874
5617;6875
7307;6876
6928;6877
6687;6878
6346;6879
6984;6880
6116;6881
6894;6882
6981;6883
5856;6884
6912;6885
7242;6886
7654;6887
5723;6888
7656;6889
6972;6890
5672;6891
6762;6892
7591;6893
7031;6894
7986;6895
5980;6896
6977;6897
7599;6898
6755;6899
5406;6900
7590;6901
6711;6902
8144;6903
7026;6904
6361;6905
6739;6906
6242;6907
5969;6908
7152;6909
6649;6910
7606;6911
6608;6912
6829;6913
7391;6914
7395;6915
6475;6916
7153;6917
7383;6918
7146;6919
7656;6920
7059;6921
6450;6922
6998;6923
8560;6924
5960;6925
6445;6926
6368;6927
7340;6928
6869;6929
6059;6930
6775;6931
7385;6932
5665;6933
7250;6934
7274;6935
5629;6936
6214;6937
6646;6938
7785;6939
7199;6940
6146;6941
6517;6942
6126;6943
7470;6944
7651;6945
6829;6946
6878;6947
6943;6948
7640;6949
7100;6950
7260;6951
6188;6952
7426;6953
7686;6954
5836;6955
5964;6956
5988;6957
6288;6958
7602;6959
6802;6960
6364;6961
6236;6962
6857;6963
6957;6964
6798;6965
6990;6966
6804;6967
6723;6968
7904;6969
6421;6970
6047;6971
6949;6972
7712;6973
6377;6974
7059;6975
7438;6976
7212;6977
6915;6978
7220;6979
7087;6980
6565;6981
8697;6982
6992;6983
7927;6984
7836;6985
6571;6986
6982;6987
6600;6988
6349;6989
7433;6990
7197;6991
6603;6992
7369;6993
6781;6994
7552;6995
7729;6996
7600;6997
7026;6998
8474;6999
7308;7000
6720;7001
6812;7002
7298;7003
6401;7004
7588;7005
6995;7006
6328;7007
6378;7008
6743;7009
7468;7010
6326;7011
7170;7012
6758;7013
6966;7014
6575;7015
6440;7016
6877;7017
7501;7018
6763;7019
6756;7020
6301;7021
6705;7022
6893;7023
7448;7024
6773;7025
7832;7026
6430;7027
6181;7028
7378;7029
6911;7030
7276;7031
7647;7032
7455;7033
6680;7034
6776;7035
7219;7036
7690;7037
6904;7038
6285;7039
6637;7040
6457;7041
6628;7042
6781;7043
6370;7044
7778;7045
7234;7046
6864;7047
6384;7048
6838;7049
8402;7050
5686;7051
6455;7052
7138;7053
6493;7054
7591;7055
7851;7056
6159;7057
6719;7058
6803;7059
7768;7060
6350;7061
5945;7062
6717;7063
8336;7064
7159;7065
6853;7066
6200;7067
6905;7068
6631;7069
6974;7070
6589;7071
7354;7072
7136;7073
6730;7074
6819;7075
8068;7076
6838;7077
7414;7078
7036;7079
8327;7080
7291;7081
6520;7082
6903;7083
6657;7084
7947;7085
7085;7086
5766;7087
6860;7088
7197;7089
6609;7090
7376;7091
6692;7092
7535;7093
7142;7094
7075;7095
6451;7096
6562;7097
6340;7098
7371;7099
6845;7100
7680;7101
6691;7102
7294;7103
6208;7104
6597;7105
7557;7106
6294;7107
6693;7108
6255;7109
7102;7110
6837;7111
7154;7112
7169;7113
7739;7114
7848;7115
6653;7116
7087;7117
6737;7118
6626;7119
6672;7120
7331;7121
6257;7122
6575;7123
8432;7124
6965;7125
7975;7126
8669;7127
7611;7128
7875;7129
8788;7130
7000;7131
7199;7132
6547;7133
8398;7134
7345;7135
7957;7136
7127;7137
7288;7138
7726;7139
5735;7140
7415;7141
7732;7142
7001;7143
7006;7144
7750;7145
5998;7146
7293;7147
8957;7148
6929;7149
6372;7150
6381;7151
7071;7152
7671;7153
6596;7154
6588;7155
7557;7156
7648;7157
7346;7158
7066;7159
7147;7160
7538;7161
7906;7162
7374;7163
7350;7164
6185;7165
6679;7166
6848;7167
5961;7168
7305;7169
7198;7170
6733;7171
6530;7172
6800;7173
6941;7174
7834;7175
7254;7176
7330;7177
6308;7178
6918;7179
7875;7180
9101;7181
6481;7182
6826;7183
7814;7184
7896;7185
6791;7186
8139;7187
7565;7188
7388;7189
7049;7190
6585;7191
6596;7192
6407;7193
7452;7194
8330;7195
5696;7196
6487;7197
6607;7198
8009;7199
7015;7200
7581;7201
6659;7202
6731;7203
7675;7204
7702;7205
7560;7206
7514;7207
6896;7208
7869;7209
6602;7210
7838;7211
6857;7212
7897;7213
6241;7214
8044;7215
6926;7216
6701;7217
6091;7218
7689;7219
7393;7220
7315;7221
7083;7222
7676;7223
7855;7224
6462;7225
7105;7226
8245;7227
7286;7228
7035;7229
7391;7230
8095;7231
7685;7232
7247;7233
8675;7234
8236;7235
6986;7236
6335;7237
6930;7238
6645;7239
8384;7240
6451;7241
7705;7242
7455;7243
6546;7244
7488;7245
6750;7246
7287;7247
7650;7248
7787;7249
7311;7250
7255;7251
7574;7252
8121;7253
7138;7254
6433;7255
7745;7256
6934;7257
6718;7258
8405;7259
6781;7260
8076;7261
6860;7262
6509;7263
8190;7264
6571;7265
7065;7266
7061;7267
6698;7268
9019;7269
7108;7270
8091;7271
6604;7272
7958;7273
6902;7274
7254;7275
5825;7276
7767;7277
7040;7278
9585;7279
7798;7280
7059;7281
6015;7282
7040;7283
8260;7284
7998;7285
7571;7286
7351;7287
6384;7288
7270;7289
7074;7290
7660;7291
8192;7292
6388;7293
7946;7294
6305;7295
8045;7296
6236;7297
6630;7298
7386;7299
7523;7300
7412;7301
6448;7302
7658;7303
8614;7304
7991;7305
7208;7306
7991;7307
7464;7308
7290;7309
6744;7310
6770;7311
6732;7312
6973;7313
6604;7314
6400;7315
6699;7316
6690;7317
7816;7318
7135;7319
8152;7320
6894;7321
6943;7322
6997;7323
6801;7324
7988;7325
7366;7326
6639;7327
6373;7328
6504;7329
6859;7330
6516;7331
8346;7332
7497;7333
6850;7334
6274;7335
7463;7336
9046;7337
7987;7338
7142;7339
7808;7340
8229;7341
7195;7342
7458;7343
6352;7344
7174;7345
7772;7346
7845;7347
6979;7348
6338;7349
8230;7350
7095;7351
8101;7352
7590;7353
7199;7354
7371;7355
7519;7356
6476;7357
7543;7358
6593;7359
8584;7360
8630;7361
7436;7362
7373;7363
7342;7364
6218;7365
7812;7366
6823;7367
6086;7368
6784;7369
7641;7370
6832;7371
7120;7372
8690;7373
6483;7374
7718;7375
7072;7376
8050;7377
7035;7378
6654;7379
6749;7380
6685;7381
6634;7382
7561;7383
6780;7384
7402;7385
8096;7386
6994;7387
7285;7388
7025;7389
7641;7390
6979;7391
7762;7392
7058;7393
8129;7394
6253;7395
8089;7396
6757;7397
7967;7398
7406;7399
6767;7400
7114;7401
8348;7402
7451;7403
8087;7404
6516;7405
7814;7406
6584;7407
8262;7408
7225;7409
8509;7410
8627;7411
7836;7412
7786;7413
8428;7414
7162;7415
7245;7416
7490;7417
7639;7418
7157;7419
6953;7420
8083;7421
7542;7422
7592;7423
7934;7424
8186;7425
6266;7426
7238;7427
8280;7428
6443;7429
6601;7430
6566;7431
7711;7432
7412;7433
6878;7434
7172;7435
7045;7436
8285;7437
8089;7438
8147;7439
7865;7440
6338;7441
7914;7442
8437;7443
7393;7444
6657;7445
6954;7446
7161;7447
7739;7448
7184;7449
7772;7450
6455;7451
7892;7452
6625;7453
7257;7454
7382;7455
6661;7456
6841;7457
7065;7458
6705;7459
8421;7460
6727;7461
7439;7462
6733;7463
8564;7464
7219;7465
7016;7466
6772;7467
7637;7468
7307;7469
7087;7470
7021;7471
8277;7472
6505;7473
8053;7474
7158;7475
6731;7476
6625;7477
7256;7478
7540;7479
6861;7480
7417;7481
7723;7482
7054;7483
7193;7484
6604;7485
7480;7486
7085;7487
7765;7488
7571;7489
5502;7490
7299;7491
6776;7492
7636;7493
7469;7494
8236;7495
7990;7496
7919;7497
8023;7498
7511;7499
7939;7500
7142;7501
7506;7502
7421;7503
7767;7504
7420;7505
6447;7506
6996;7507
6822;7508
8637;7509
6492;7510
7593;7511
7255;7512
7133;7513
7041;7514
6776;7515
8059;7516
7374;7517
7956;7518
7455;7519
7431;7520
9189;7521
7502;7522
6299;7523
8014;7524
8177;7525
8551;7526
9077;7527
7027;7528
7899;7529
7824;7530
6941;7531
6930;7532
7090;7533
7408;7534
6932;7535
7857;7536
7029;7537
7027;7538
8061;7539
8004;7540
7967;7541
6398;7542
8137;7543
8355;7544
7094;7545
8175;7546
7804;7547
6469;7548
8592;7549
7002;7550
7041;7551
6687;7552
7855;7553
7538;7554
7203;7555
8254;7556
7981;7557
8969;7558
7604;7559
8416;7560
7400;7561
7037;7562
7602;7563
7090;7564
7445;7565
7442;7566
7537;7567
8519;7568
7599;7569
7791;7570
7114;7571
7554;7572
9570;7573
7820;7574
6796;7575
7333;7576
7777;7577
7812;7578
9267;7579
5975;7580
6681;7581
8332;7582
7357;7583
6705;7584
7395;7585
7712;7586
7400;7587
9367;7588
6265;7589
7084;7590
7298;7591
7774;7592
6614;7593
6318;7594
6937;7595
7263;7596
7557;7597
7241;7598
7514;7599
8438;7600
7050;7601
7164;7602
8425;7603
8512;7604
7773;7605
7098;7606
6419;7607
7006;7608
7102;7609
7170;7610
7378;7611
7517;7612
6681;7613
6861;7614
6841;7615
6342;7616
6839;7617
6982;7618
7916;7619
6971;7620
6893;7621
8175;7622
6504;7623
6656;7624
9246;7625
8381;7626
9417;7627
7585;7628
7126;7629
7349;7630
7117;7631
6915;7632
7779;7633
7846;7634
7226;7635
8252;7636
8632;7637
7890;7638
7771;7639
7006;7640
8548;7641
9003;7642
8779;7643
8107;7644
7818;7645
7962;7646
6477;7647
7494;7648
7669;7649
9040;7650
6919;7651
8933;7652
8106;7653
6786;7654
6260;7655
6883;7656
6369;7657
6430;7658
7240;7659
6888;7660
7684;7661
7162;7662
7052;7663
7387;7664
7990;7665
10045;7666
6555;7667
7913;7668
7009;7669
7147;7670
8911;7671
7584;7672
8131;7673
8124;7674
8201;7675
7483;7676
8018;7677
7606;7678
8324;7679
6615;7680
7767;7681
7574;7682
9074;7683
9192;7684
6982;7685
6212;7686
7617;7687
8852;7688
6976;7689
7282;7690
7755;7691
6807;7692
7543;7693
7069;7694
7675;7695
7008;7696
6910;7697
7569;7698
8719;7699
7648;7700
7156;7701
7767;7702
7616;7703
7316;7704
8557;7705
7079;7706
8010;7707
7430;7708
7184;7709
5972;7710
8333;7711
7673;7712
8268;7713
7238;7714
8463;7715
9125;7716
7265;7717
7887;7718
7527;7719
8242;7720
7945;7721
7813;7722
7769;7723
7454;7724
8371;7725
6779;7726
6629;7727
8335;7728
6621;7729
7070;7730
7752;7731
7919;7732
7174;7733
8486;7734
8443;7735
6721;7736
6817;7737
7070;7738
7501;7739
9282;7740
7810;7741
7523;7742
10467;7743
7045;7744
7691;7745
7544;7746
8042;7747
8702;7748
6608;7749
7031;7750
9679;7751
7734;7752
7440;7753
7670;7754
8084;7755
8639;7756
7914;7757
7697;7758
7734;7759
7608;7760
9086;7761
8563;7762
8591;7763
6683;7764
7172;7765
7108;7766
7641;7767
8202;7768
6909;7769
6934;7770
7770;7771
5748;7772
7216;7773
8400;7774
7172;7775
6947;7776
7041;7777
7890;7778
7465;7779
7045;7780
7333;7781
9046;7782
6508;7783
6857;7784
9000;7785
7095;7786
8542;7787
7832;7788
5727;7789
8103;7790
7047;7791
7377;7792
7816;7793
8564;7794
7916;7795
7999;7796
8388;7797
9032;7798
6752;7799
8298;7800
7613;7801
7414;7802
8800;7803
7716;7804
8849;7805
7315;7806
8050;7807
7868;7808
7005;7809
6729;7810
8167;7811
7065;7812
9573;7813
7568;7814
7135;7815
7391;7816
7878;7817
7640;7818
8743;7819
8203;7820
7296;7821
7946;7822
7889;7823
6368;7824
7925;7825
8033;7826
7466;7827
6847;7828
7027;7829
7643;7830
8563;7831
8138;7832
7423;7833
7054;7834
7177;7835
8647;7836
8171;7837
9025;7838
8327;7839
7206;7840
7959;7841
6986;7842
7530;7843
8243;7844
8685;7845
7068;7846
9085;7847
5842;7848
8665;7849
6284;7850
8082;7851
8045;7852
7916;7853
7988;7854
8213;7855
7855;7856
7239;7857
8422;7858
7893;7859
7737;7860
7868;7861
7328;7862
8004;7863
7615;7864
7578;7865
7022;7866
7569;7867
8143;7868
7987;7869
7429;7870
7895;7871
8417;7872
8240;7873
7697;7874
8412;7875
8626;7876
8780;7877
7437;7878
7437;7879
8008;7880
8592;7881
7044;7882
8319;7883
8312;7884
7268;7885
7877;7886
7912;7887
7795;7888
8580;7889
7778;7890
8688;7891
7838;7892
8216;7893
7382;7894
7982;7895
8007;7896
6513;7897
8255;7898
7130;7899
8290;7900
9655;7901
7987;7902
7257;7903
7479;7904
7497;7905
7498;7906
7787;7907
8759;7908
7384;7909
7758;7910
8414;7911
7726;7912
7550;7913
8378;7914
6379;7915
7649;7916
6808;7917
6767;7918
7744;7919
7863;7920
8715;7921
7659;7922
9719;7923
7462;7924
8145;7925
7033;7926
9495;7927
8104;7928
8886;7929
7677;7930
6891;7931
8624;7932
7281;7933
6927;7934
8371;7935
7525;7936
7409;7937
9695;7938
7969;7939
8769;7940
7391;7941
6216;7942
8697;7943
7309;7944
8327;7945
7696;7946
8505;7947
7409;7948
7505;7949
7659;7950
7372;7951
7192;7952
7130;7953
7980;7954
9010;7955
8142;7956
8361;7957
8335;7958
8079;7959
8242;7960
8431;7961
7971;7962
7885;7963
6997;7964
7387;7965
7700;7966
10190;7967
7111;7968
7043;7969
8402;7970
7445;7971
7779;7972
7975;7973
7046;7974
5976;7975
7075;7976
7973;7977
8000;7978
8208;7979
8585;7980
8766;7981
8064;7982
8202;7983
6866;7984
9098;7985
8672;7986
8318;7987
8183;7988
8422;7989
8119;7990
7542;7991
8151;7992
7545;7993
7383;7994
8078;7995
7705;7996
7748;7997
7274;7998
6449;7999
8068;8000
7272;8001
7602;8002
8827;8003
7340;8004
6841;8005
6915;8006
8480;8007
8361;8008
7284;8009
7676;8010
8097;8011
7792;8012
8708;8013
6974;8014
9129;8015
7611;8016
8117;8017
7539;8018
8723;8019
8497;8020
7650;8021
7141;8022
9175;8023
7850;8024
7828;8025
8915;8026
8271;8027
8593;8028
7782;8029
7528;8030
7167;8031
7594;8032
8774;8033
8264;8034
7604;8035
8074;8036
7975;8037
8376;8038
8115;8039
6306;8040
7599;8041
8032;8042
7531;8043
8064;8044
7501;8045
7753;8046
7732;8047
9531;8048
8979;8049
7687;8050
6139;8051
7757;8052
7850;8053
8168;8054
9589;8055
9172;8056
8084;8057
7570;8058
7942;8059
7863;8060
7543;8061
8545;8062
7733;8063
7418;8064
9548;8065
7882;8066
7804;8067
8656;8068
6897;8069
7398;8070
8624;8071
7835;8072
8189;8073
8202;8074
8229;8075
7526;8076
8236;8077
8528;8078
7996;8079
8445;8080
8397;8081
7755;8082
7806;8083
7792;8084
7618;8085
8112;8086
6730;8087
7315;8088
9149;8089
9331;8090
7738;8091
7546;8092
7959;8093
7940;8094
7387;8095
7439;8096
8171;8097
8879;8098
7554;8099
7746;8100
7346;8101
7246;8102
8227;8103
7767;8104
7484;8105
8946;8106
6302;8107
7945;8108
7057;8109
9661;8110
8488;8111
7774;8112
7629;8113
8585;8114
9102;8115
7078;8116
8497;8117
7885;8118
8011;8119
7159;8120
7031;8121
7083;8122
7092;8123
7613;8124
7390;8125
6650;8126
7842;8127
6997;8128
8392;8129
7253;8130
8754;8131
8747;8132
9417;8133
7406;8134
7738;8135
7976;8136
8254;8137
8664;8138
7957;8139
8020;8140
7939;8141
7394;8142
7411;8143
7373;8144
8339;8145
8759;8146
8598;8147
8648;8148
7365;8149
8327;8150
9109;8151
8367;8152
8380;8153
7613;8154
7929;8155
8540;8156
9158;8157
7674;8158
8474;8159
7730;8160
7059;8161
7422;8162
7879;8163
10776;8164
8927;8165
7517;8166
9350;8167
9251;8168
7919;8169
8670;8170
8756;8171
8666;8172
8109;8173
8265;8174
8597;8175
7417;8176
10141;8177
7901;8178
7476;8179
7256;8180
8351;8181
7393;8182
7909;8183
8992;8184
7501;8185
9989;8186
8838;8187
8168;8188
7483;8189
9284;8190
9034;8191
8127;8192
9635;8193
8393;8194
7900;8195
7684;8196
8595;8197
7858;8198
8104;8199
7715;8200
8930;8201
8085;8202
8541;8203
8665;8204
8597;8205
7420;8206
9380;8207
9019;8208
6724;8209
8862;8210
9115;8211
8395;8212
7159;8213
9109;8214
8085;8215
7483;8216
7157;8217
9333;8218
7585;8219
7029;8220
8676;8221
7449;8222
10210;8223
7814;8224
8018;8225
7511;8226
9592;8227
7203;8228
8546;8229
7297;8230
7388;8231
8812;8232
8474;8233
8052;8234
8104;8235
9093;8236
7655;8237
8172;8238
7841;8239
7792;8240
9054;8241
9639;8242
8117;8243
9092;8244
7943;8245
8636;8246
9995;8247
8581;8248
7788;8249
8130;8250
9005;8251
7808;8252
9086;8253
6719;8254
10234;8255
8656;8256
7557;8257
8503;8258
7733;8259
8223;8260
8840;8261
8855;8262
9133;8263
8077;8264
7235;8265
7653;8266
8048;8267
7661;8268
7615;8269
8628;8270
8144;8271
8600;8272
10261;8273
7343;8274
8710;8275
8649;8276
7694;8277
8393;8278
9228;8279
8088;8280
8591;8281
8676;8282
9651;8283
7842;8284
8820;8285
8357;8286
7841;8287
8307;8288
7859;8289
8697;8290
8551;8291
8755;8292
9566;8293
8509;8294
7897;8295
8134;8296
7979;8297
8297;8298
7044;8299
8888;8300
7639;8301
6822;8302
7736;8303
7883;8304
8263;8305
7019;8306
9802;8307
8843;8308
8198;8309
8202;8310
7400;8311
9781;8312
8515;8313
6936;8314
7792;8315
8454;8316
8411;8317
7998;8318
8786;8319
7570;8320
7296;8321
8722;8322
8017;8323
7464;8324
8384;8325
8357;8326
7878;8327
8410;8328
9035;8329
9075;8330
9057;8331
6675;8332
8267;8333
8043;8334
8973;8335
8930;8336
8354;8337
7975;8338
8362;8339
7256;8340
7597;8341
8030;8342
8296;8343
7522;8344
7876;8345
9162;8346
7962;8347
8609;8348
9340;8349
8001;8350
7883;8351
9073;8352
9070;8353
7298;8354
9175;8355
7251;8356
8919;8357
8452;8358
7957;8359
8404;8360
8798;8361
7537;8362
8463;8363
8361;8364
8698;8365
9137;8366
7729;8367
8585;8368
10443;8369
9037;8370
8264;8371
9093;8372
7072;8373
7132;8374
7956;8375
7678;8376
8944;8377
7435;8378
7905;8379
8749;8380
9771;8381
7691;8382
8488;8383
8406;8384
7954;8385
8692;8386
8318;8387
8118;8388
8178;8389
7663;8390
7457;8391
6487;8392
8303;8393
8958;8394
9195;8395
8208;8396
8310;8397
8611;8398
7702;8399
7393;8400
7606;8401
7768;8402
8522;8403
8416;8404
9347;8405
8587;8406
8071;8407
8101;8408
8115;8409
9424;8410
8183;8411
8539;8412
7893;8413
11133;8414
8571;8415
9068;8416
7667;8417
8909;8418
9514;8419
8192;8420
9836;8421
7000;8422
8579;8423
9635;8424
7598;8425
7142;8426
8729;8427
9748;8428
7821;8429
9396;8430
9097;8431
9131;8432
8277;8433
8542;8434
8729;8435
8810;8436
8771;8437
7849;8438
7790;8439
9454;8440
9289;8441
10538;8442
9107;8443
6772;8444
9691;8445
8171;8446
8256;8447
8188;8448
10691;8449
7637;8450
8446;8451
8603;8452
7696;8453
8393;8454
9439;8455
8363;8456
9567;8457
8874;8458
8280;8459
7217;8460
8256;8461
8593;8462
8757;8463
8963;8464
7725;8465
7037;8466
7480;8467
8522;8468
7332;8469
8426;8470
9146;8471
8770;8472
9101;8473
8426;8474
9190;8475
11310;8476
7686;8477
8587;8478
8140;8479
9608;8480
9973;8481
8037;8482
8534;8483
8737;8484
8759;8485
7750;8486
7639;8487
8322;8488
7811;8489
8549;8490
7566;8491
8274;8492
8221;8493
9017;8494
7991;8495
7748;8496
9115;8497
7197;8498
8528;8499
9175;8500
8562;8501
8694;8502
9619;8503
8080;8504
8578;8505
8944;8506
7318;8507
9981;8508
6923;8509
9353;8510
7741;8511
9149;8512
8103;8513
9850;8514
8477;8515
8588;8516
7969;8517
9652;8518
8426;8519
8773;8520
7291;8521
9737;8522
8694;8523
7674;8524
8244;8525
8028;8526
7760;8527
7608;8528
7763;8529
7502;8530
9163;8531
9812;8532
8662;8533
9294;8534
7731;8535
8892;8536
9263;8537
8556;8538
8373;8539
9583;8540
7800;8541
9292;8542
7791;8543
8458;8544
8506;8545
8568;8546
8756;8547
7767;8548
9267;8549
8519;8550
8077;8551
9230;8552
7608;8553
7778;8554
8237;8555
8073;8556
7825;8557
8837;8558
8767;8559
9275;8560
8220;8561
8168;8562
9455;8563
8999;8564
9010;8565
7895;8566
8208;8567
8699;8568
8812;8569
10250;8570
10501;8571
8688;8572
7496;8573
8720;8574
9248;8575
7322;8576
8545;8577
8372;8578
9167;8579
8514;8580
10164;8581
9309;8582
8258;8583
8964;8584
8701;8585
6854;8586
7922;8587
8300;8588
10140;8589
8533;8590
8599;8591
8163;8592
8415;8593
8592;8594
8287;8595
7851;8596
7952;8597
7914;8598
8250;8599
7765;8600
8161;8601
8123;8602
8577;8603
7674;8604
8291;8605
7035;8606
7639;8607
8408;8608
9010;8609
8490;8610
8742;8611
9300;8612
9755;8613
7941;8614
8223;8615
9744;8616
8717;8617
8429;8618
7567;8619
8772;8620
10524;8621
9241;8622
8658;8623
8384;8624
9375;8625
8794;8626
8332;8627
9038;8628
8078;8629
7559;8630
9040;8631
10236;8632
8287;8633
8762;8634
8177;8635
8997;8636
8787;8637
8043;8638
8519;8639
10870;8640
9025;8641
8817;8642
8377;8643
8178;8644
8381;8645
8724;8646
9421;8647
8579;8648
7904;8649
7813;8650
11026;8651
9078;8652
8712;8653
9014;8654
7844;8655
9604;8656
8270;8657
6968;8658
9784;8659
9194;8660
8288;8661
8105;8662
7470;8663
9402;8664
8506;8665
7984;8666
8269;8667
9545;8668
8032;8669
8806;8670
8859;8671
9157;8672
9624;8673
9489;8674
9864;8675
8977;8676
8488;8677
8437;8678
9000;8679
7890;8680
8267;8681
8620;8682
8486;8683
10321;8684
7827;8685
8357;8686
8640;8687
7905;8688
7239;8689
8428;8690
8879;8691
9821;8692
8704;8693
8613;8694
8791;8695
8717;8696
8227;8697
9169;8698
8753;8699
9356;8700
7812;8701
8142;8702
8948;8703
7988;8704
9030;8705
8211;8706
9916;8707
7920;8708
8553;8709
9672;8710
8079;8711
7894;8712
8275;8713
8608;8714
8502;8715
8984;8716
8646;8717
8940;8718
8905;8719
8543;8720
8962;8721
7190;8722
9413;8723
9267;8724
7508;8725
8469;8726
8524;8727
9156;8728
9164;8729
8410;8730
9412;8731
8861;8732
9005;8733
8629;8734
7475;8735
9090;8736
7082;8737
8872;8738
7269;8739
7263;8740
7765;8741
8916;8742
9866;8743
7905;8744
9169;8745
8820;8746
9127;8747
8880;8748
8023;8749
8906;8750
9670;8751
9042;8752
8590;8753
8316;8754
7886;8755
7568;8756
8977;8757
6650;8758
8068;8759
8746;8760
7314;8761
9115;8762
8112;8763
8427;8764
8622;8765
7911;8766
9340;8767
8540;8768
8443;8769
10084;8770
7978;8771
8305;8772
8808;8773
8329;8774
8175;8775
8432;8776
9085;8777
8629;8778
8698;8779
7852;8780
9260;8781
10061;8782
9497;8783
8328;8784
9051;8785
8534;8786
9130;8787
10476;8788
7814;8789
9496;8790
8732;8791
8097;8792
8697;8793
9827;8794
9417;8795
8909;8796
9741;8797
7896;8798
9188;8799
9509;8800
8443;8801
8118;8802
8889;8803
8287;8804
9629;8805
8088;8806
6555;8807
8594;8808
8679;8809
8483;8810
9321;8811
10316;8812
8145;8813
9085;8814
8865;8815
7968;8816
8733;8817
9643;8818
8784;8819
8442;8820
8558;8821
7744;8822
9410;8823
9122;8824
8283;8825
8981;8826
6955;8827
8403;8828
10517;8829
7613;8830
9046;8831
9255;8832
8590;8833
10370;8834
10107;8835
10014;8836
9009;8837
8238;8838
9286;8839
7304;8840
7986;8841
9086;8842
9377;8843
7502;8844
9905;8845
8494;8846
8779;8847
8054;8848
9450;8849
8993;8850
8181;8851
8627;8852
9531;8853
8358;8854
9353;8855
9047;8856
8595;8857
8433;8858
8826;8859
9205;8860
9118;8861
7633;8862
9042;8863
8633;8864
8808;8865
9980;8866
9119;8867
7767;8868
7941;8869
8851;8870
9169;8871
9317;8872
8283;8873
8717;8874
8800;8875
8997;8876
8745;8877
9430;8878
8948;8879
8400;8880
8564;8881
7338;8882
8830;8883
8313;8884
9408;8885
8903;8886
9509;8887
8828;8888
7640;8889
8142;8890
9205;8891
10286;8892
8386;8893
8626;8894
7814;8895
8913;8896
8508;8897
7893;8898
8946;8899
8897;8900
8181;8901
9067;8902
8424;8903
9339;8904
8096;8905
8702;8906
7438;8907
8782;8908
7723;8909
8828;8910
10165;8911
9316;8912
9787;8913
8641;8914
8020;8915
8072;8916
7989;8917
8436;8918
9271;8919
7108;8920
8433;8921
7984;8922
7542;8923
8656;8924
9404;8925
9368;8926
9746;8927
9550;8928
10190;8929
7321;8930
8344;8931
9700;8932
7801;8933
8208;8934
8067;8935
10678;8936
8328;8937
10324;8938
10085;8939
10134;8940
7726;8941
7737;8942
9124;8943
8945;8944
8491;8945
8732;8946
6905;8947
8657;8948
9212;8949
7528;8950
9266;8951
9685;8952
10685;8953
8618;8954
8771;8955
9234;8956
9227;8957
10471;8958
8356;8959
9293;8960
8217;8961
7489;8962
10225;8963
9425;8964
7925;8965
7630;8966
9889;8967
9648;8968
9283;8969
10059;8970
9032;8971
9559;8972
7825;8973
8069;8974
7619;8975
7899;8976
7651;8977
9339;8978
10094;8979
9093;8980
9372;8981
9628;8982
10176;8983
9493;8984
9628;8985
9314;8986
9209;8987
10127;8988
8591;8989
9680;8990
10996;8991
9633;8992
9445;8993
7261;8994
8066;8995
9653;8996
8997;8997
7337;8998
8743;8999
9742;9000
10329;9001
9242;9002
9419;9003
8940;9004
11117;9005
9667;9006
8875;9007
8805;9008
9424;9009
8663;9010
8765;9011
8715;9012
8680;9013
8876;9014
8857;9015
9178;9016
7941;9017
9055;9018
8998;9019
9832;9020
10248;9021
8404;9022
8623;9023
9183;9024
9981;9025
9647;9026
9880;9027
7957;9028
8731;9029
9193;9030
10146;9031
11323;9032
9006;9033
11656;9034
10706;9035
8603;9036
10099;9037
9041;9038
8366;9039
9584;9040
9689;9041
8716;9042
9159;9043
8423;9044
9087;9045
9427;9046
9256;9047
9445;9048
8921;9049
10792;9050
9262;9051
9156;9052
10552;9053
7433;9054
9503;9055
9284;9056
8937;9057
8991;9058
9715;9059
9442;9060
9640;9061
9587;9062
7700;9063
10487;9064
11190;9065
8650;9066
9291;9067
9619;9068
9607;9069
8823;9070
8027;9071
10372;9072
9006;9073
9239;9074
7777;9075
8261;9076
8579;9077
8422;9078
8772;9079
7649;9080
9661;9081
8716;9082
9603;9083
8235;9084
9946;9085
7927;9086
9279;9087
9700;9088
8691;9089
10996;9090
9205;9091
11507;9092
8361;9093
9432;9094
10411;9095
9431;9096
9418;9097
8412;9098
9199;9099
9398;9100
9477;9101
9924;9102
8631;9103
8715;9104
7304;9105
8081;9106
8531;9107
8683;9108
8384;9109
9546;9110
9372;9111
8909;9112
8928;9113
9297;9114
8656;9115
9299;9116
8529;9117
8277;9118
8099;9119
9479;9120
10166;9121
9852;9122
9613;9123
8662;9124
9327;9125
8607;9126
7918;9127
7771;9128
8464;9129
8265;9130
8509;9131
10303;9132
8606;9133
7920;9134
8638;9135
8443;9136
10672;9137
8135;9138
8526;9139
7665;9140
9941;9141
9361;9142
10256;9143
9324;9144
7588;9145
8341;9146
7966;9147
8285;9148
9918;9149
9662;9150
9877;9151
10371;9152
9206;9153
10538;9154
8901;9155
9722;9156
10885;9157
8351;9158
9683;9159
7849;9160
9693;9161
8859;9162
8414;9163
8956;9164
7434;9165
9834;9166
9330;9167
11031;9168
9971;9169
10938;9170
10404;9171
10229;9172
8531;9173
9731;9174
9058;9175
8497;9176
8736;9177
8505;9178
9008;9179
8867;9180
8270;9181
9436;9182
8375;9183
10032;9184
7370;9185
10075;9186
10237;9187
7761;9188
8411;9189
8951;9190
10008;9191
9276;9192
7616;9193
9233;9194
8254;9195
9795;9196
9040;9197
8372;9198
11339;9199
8209;9200
9329;9201
8428;9202
10465;9203
10437;9204
9512;9205
9651;9206
9085;9207
9770;9208
9883;9209
9734;9210
8643;9211
9351;9212
10841;9213
9518;9214
10926;9215
9366;9216
10214;9217
8068;9218
9154;9219
10557;9220
8433;9221
9991;9222
9849;9223
10015;9224
7839;9225
9353;9226
8024;9227
9369;9228
10969;9229
7437;9230
9346;9231
11176;9232
9443;9233
9116;9234
8127;9235
8498;9236
9609;9237
9195;9238
10100;9239
8594;9240
9516;9241
10205;9242
8116;9243
8760;9244
9915;9245
8347;9246
8026;9247
9044;9248
8988;9249
8783;9250
8317;9251
8897;9252
8904;9253
9423;9254
11206;9255
9021;9256
8924;9257
8910;9258
8822;9259
9450;9260
9564;9261
9027;9262
8170;9263
8857;9264
8634;9265
9394;9266
9214;9267
9262;9268
9072;9269
10523;9270
7834;9271
8461;9272
9226;9273
10614;9274
9468;9275
11234;9276
8928;9277
8504;9278
8743;9279
11077;9280
8189;9281
10227;9282
8086;9283
9802;9284
8934;9285
11232;9286
9411;9287
9783;9288
7771;9289
10464;9290
8407;9291
9354;9292
9263;9293
9844;9294
9112;9295
10290;9296
10209;9297
9098;9298
9497;9299
8798;9300
8612;9301
9373;9302
9485;9303
9746;9304
9394;9305
9478;9306
9950;9307
9307;9308
8834;9309
10300;9310
9690;9311
9747;9312
8915;9313
10338;9314
9865;9315
10143;9316
9780;9317
10720;9318
9877;9319
9508;9320
7931;9321
8128;9322
10697;9323
7872;9324
9733;9325
10517;9326
9127;9327
7001;9328
9814;9329
8724;9330
10250;9331
10145;9332
8370;9333
7889;9334
9468;9335
9898;9336
7864;9337
8760;9338
9825;9339
9065;9340
9977;9341
9286;9342
10579;9343
9451;9344
10726;9345
9760;9346
8614;9347
10942;9348
9369;9349
9966;9350
9417;9351
8783;9352
10042;9353
9767;9354
9100;9355
9003;9356
8607;9357
9713;9358
8156;9359
9160;9360
9149;9361
10105;9362
8634;9363
10045;9364
8772;9365
8097;9366
8759;9367
12562;9368
8336;9369
9155;9370
9052;9371
9312;9372
9406;9373
7338;9374
9454;9375
8454;9376
11344;9377
8590;9378
9515;9379
8664;9380
9460;9381
9869;9382
10230;9383
8333;9384
9605;9385
8059;9386
8324;9387
9131;9388
10054;9389
9025;9390
10678;9391
8570;9392
9246;9393
8900;9394
10207;9395
8944;9396
8793;9397
8727;9398
9795;9399
10120;9400
9773;9401
9414;9402
8910;9403
8386;9404
9985;9405
9004;9406
8593;9407
11022;9408
10312;9409
7508;9410
9258;9411
9704;9412
10276;9413
8802;9414
7929;9415
10303;9416
8358;9417
10481;9418
9381;9419
9688;9420
8498;9421
8787;9422
9812;9423
10379;9424
8551;9425
8052;9426
9698;9427
9096;9428
9027;9429
8933;9430
9032;9431
10055;9432
8838;9433
9216;9434
8629;9435
8947;9436
9019;9437
9693;9438
9155;9439
10640;9440
9337;9441
8462;9442
9136;9443
9594;9444
9420;9445
9831;9446
9024;9447
10256;9448
10426;9449
8702;9450
9364;9451
9948;9452
8842;9453
8452;9454
10963;9455
9924;9456
11756;9457
9486;9458
10106;9459
8758;9460
9045;9461
8518;9462
9573;9463
9961;9464
10235;9465
9640;9466
10026;9467
10492;9468
9022;9469
10758;9470
8074;9471
9462;9472
10250;9473
9192;9474
9157;9475
10013;9476
10179;9477
9801;9478
10072;9479
10472;9480
10055;9481
9780;9482
9750;9483
9540;9484
11895;9485
9569;9486
10050;9487
9824;9488
9663;9489
9223;9490
9492;9491
9670;9492
9812;9493
9170;9494
9181;9495
9223;9496
8925;9497
9714;9498
9431;9499
10363;9500
9030;9501
10076;9502
8746;9503
9423;9504
8459;9505
8579;9506
9395;9507
8747;9508
11031;9509
9732;9510
9853;9511
8914;9512
9061;9513
8372;9514
8664;9515
9369;9516
10372;9517
8231;9518
10066;9519
8959;9520
8145;9521
8393;9522
9605;9523
9030;9524
9018;9525
8210;9526
8940;9527
9059;9528
9187;9529
10224;9530
10342;9531
10246;9532
9426;9533
9756;9534
9570;9535
8864;9536
9876;9537
10055;9538
9983;9539
9017;9540
9653;9541
9065;9542
10789;9543
9781;9544
8772;9545
10399;9546
11242;9547
10681;9548
8647;9549
8738;9550
10462;9551
10222;9552
10477;9553
10691;9554
9243;9555
9278;9556
10548;9557
10537;9558
9281;9559
8741;9560
9251;9561
8105;9562
8705;9563
9540;9564
10217;9565
9366;9566
9518;9567
9262;9568
9842;9569
9210;9570
8744;9571
9332;9572
9495;9573
9527;9574
9256;9575
8942;9576
8489;9577
9929;9578
8337;9579
9683;9580
10031;9581
8213;9582
8904;9583
10188;9584
9047;9585
9185;9586
9928;9587
7270;9588
9222;9589
10637;9590
8470;9591
9998;9592
10245;9593
9707;9594
9609;9595
9738;9596
10350;9597
8963;9598
10482;9599
9427;9600
10044;9601
9518;9602
10070;9603
10949;9604
9281;9605
10270;9606
9856;9607
10932;9608
9159;9609
8783;9610
10069;9611
9598;9612
8739;9613
7927;9614
9199;9615
9653;9616
11084;9617
9152;9618
8662;9619
10521;9620
9712;9621
10913;9622
7951;9623
9923;9624
10100;9625
9929;9626
11145;9627
10809;9628
11575;9629
8593;9630
8985;9631
9274;9632
10190;9633
10159;9634
8771;9635
10091;9636
9455;9637
10205;9638
9765;9639
9137;9640
9799;9641
7743;9642
10045;9643
9796;9644
9904;9645
9632;9646
8274;9647
8564;9648
8231;9649
8621;9650
9172;9651
9668;9652
9396;9653
8691;9654
9617;9655
9716;9656
9267;9657
8588;9658
9452;9659
9100;9660
9217;9661
8816;9662
10094;9663
10162;9664
9862;9665
9312;9666
10115;9667
10049;9668
9585;9669
9621;9670
10301;9671
9350;9672
9456;9673
9323;9674
10629;9675
9585;9676
9074;9677
9757;9678
9624;9679
7994;9680
8652;9681
10800;9682
9331;9683
12185;9684
10248;9685
9800;9686
8016;9687
9305;9688
8963;9689
10506;9690
8632;9691
8445;9692
10010;9693
10470;9694
9237;9695
8512;9696
9908;9697
9570;9698
8866;9699
9597;9700
10148;9701
9918;9702
10783;9703
8728;9704
10547;9705
10292;9706
9401;9707
10042;9708
8322;9709
8946;9710
8955;9711
9546;9712
9416;9713
9632;9714
8931;9715
8064;9716
12137;9717
8725;9718
7840;9719
9803;9720
8774;9721
8064;9722
8916;9723
9455;9724
10165;9725
10408;9726
10383;9727
10093;9728
8208;9729
9371;9730
9617;9731
12139;9732
9571;9733
8920;9734
10492;9735
9448;9736
9362;9737
9554;9738
9768;9739
10719;9740
10063;9741
9734;9742
8474;9743
9452;9744
9660;9745
8912;9746
9388;9747
11404;9748
8286;9749
9983;9750
8846;9751
8101;9752
10266;9753
9718;9754
10081;9755
9401;9756
10844;9757
9990;9758
9687;9759
10148;9760
9893;9761
9456;9762
8426;9763
9014;9764
8237;9765
9857;9766
9937;9767
8821;9768
9897;9769
9720;9770
10581;9771
9827;9772
10086;9773
10660;9774
9696;9775
9668;9776
10564;9777
8841;9778
10763;9779
9611;9780
8181;9781
10510;9782
8656;9783
12626;9784
10496;9785
9223;9786
9819;9787
10044;9788
8901;9789
9707;9790
8261;9791
11137;9792
10096;9793
9471;9794
9008;9795
10248;9796
9321;9797
9380;9798
9621;9799
10195;9800
9001;9801
12505;9802
11126;9803
12126;9804
12055;9805
11231;9806
7857;9807
11395;9808
8913;9809
9215;9810
10270;9811
10218;9812
9182;9813
10999;9814
9070;9815
8919;9816
10334;9817
10347;9818
8681;9819
9212;9820
8697;9821
11610;9822
9586;9823
9358;9824
11606;9825
8172;9826
9565;9827
8734;9828
9335;9829
8593;9830
10962;9831
10574;9832
10097;9833
9216;9834
9142;9835
10770;9836
8329;9837
9480;9838
10735;9839
10225;9840
10353;9841
10111;9842
12256;9843
9963;9844
10703;9845
8940;9846
11837;9847
9621;9848
8931;9849
11223;9850
10890;9851
9268;9852
8841;9853
11711;9854
9144;9855
9302;9856
9229;9857
9231;9858
9443;9859
10629;9860
9208;9861
10088;9862
11696;9863
10316;9864
9491;9865
9103;9866
8453;9867
10110;9868
8233;9869
9388;9870
8993;9871
9155;9872
10634;9873
10272;9874
9537;9875
12012;9876
10013;9877
11231;9878
8840;9879
11004;9880
9542;9881
10929;9882
9339;9883
9460;9884
10612;9885
9443;9886
8781;9887
8515;9888
9421;9889
10596;9890
10407;9891
10252;9892
9826;9893
8985;9894
9130;9895
9876;9896
11639;9897
9285;9898
10876;9899
10130;9900
10233;9901
9669;9902
11342;9903
10767;9904
10971;9905
10198;9906
11336;9907
10539;9908
10582;9909
8204;9910
8107;9911
11521;9912
10871;9913
9703;9914
9459;9915
10738;9916
11418;9917
11287;9918
9924;9919
10297;9920
11026;9921
9911;9922
11568;9923
11718;9924
10145;9925
9339;9926
10014;9927
9131;9928
9741;9929
13523;9930
8694;9931
10408;9932
9044;9933
9150;9934
8900;9935
9605;9936
9631;9937
11094;9938
9715;9939
10775;9940
11177;9941
10606;9942
9212;9943
10859;9944
10996;9945
10931;9946
10731;9947
8506;9948
9657;9949
11013;9950
8467;9951
12547;9952
9820;9953
11213;9954
9751;9955
8919;9956
11095;9957
11569;9958
8421;9959
10491;9960
8970;9961
9941;9962
10228;9963
10101;9964
9341;9965
8804;9966
10292;9967
9696;9968
9101;9969
9569;9970
10597;9971
10911;9972
9699;9973
8422;9974
10665;9975
8420;9976
9713;9977
9757;9978
9812;9979
10676;9980
9383;9981
9387;9982
8602;9983
10318;9984
11839;9985
9884;9986
9909;9987
9645;9988
9276;9989
9943;9990
10161;9991
10170;9992
11182;9993
8150;9994
9461;9995
12567;9996
9551;9997
10066;9998
11273;9999
8731;10000
